No,ImageNoX,ImageNoY,ImageNoZ,ElpsLabel,ObjLabel,Average,GravX,GravY,Angle,MjrAx,MnrAx,X2,Status,DepthAve
0,0.0,0.0,0.0,0.0,0.0,0.0,36.59,22.798,58.591,37.003,36.778,9.761,0.0,0.0
1,0.0,0.0,0.0,1.0,1.0,0.0,144.029,77.865,-20.883,37.269,36.918,9.736,0.0,0.0
2,0.0,0.0,0.0,2.0,2.0,0.0,515.75,99.083,134.801,37.499,36.932,9.692,0.0,0.0
3,0.0,0.0,0.0,3.0,3.0,0.0,324.142,111.091,130.943,37.129,37.02,9.731,0.0,0.0
4,0.0,0.0,0.0,4.0,4.0,0.0,165.486,241.585,69.657,37.734,37.49,9.795,0.0,0.0
5,0.0,0.0,0.0,5.0,6.0,0.0,152.539,403.801,78.444,38.185,37.906,9.831,0.0,0.0
6,1.0,0.0,0.0,0.0,2.0,0.0,683.675,57.435,102.306,37.628,37.367,9.842,0.0,0.0
7,1.0,0.0,0.0,1.0,3.0,0.0,925.3,75.573,20.816,37.413,37.361,9.736,0.0,0.0
8,1.0,0.0,0.0,2.0,4.0,0.0,1051.231,130.882,100.752,37.725,37.069,9.815,0.0,0.0
9,1.0,0.0,0.0,3.0,5.0,0.0,723.37,132.476,93.428,37.424,36.831,9.744,0.0,0.0
10,1.0,0.0,0.0,4.0,6.0,0.0,1016.847,236.023,90.782,37.271,37.029,9.751,0.0,0.0
11,1.0,0.0,0.0,5.0,7.0,0.0,901.56,251.182,123.702,36.992,36.714,9.751,0.0,0.0
12,1.0,0.0,0.0,6.0,8.0,0.0,912.542,302.878,82.817,37.832,37.416,9.798,0.0,0.0
13,1.0,0.0,0.0,7.0,9.0,0.0,809.89,331.804,99.143,37.355,37.189,9.783,0.0,0.0
14,1.0,0.0,0.0,8.0,10.0,0.0,643.094,394.147,-5.122,37.955,37.707,9.852,0.0,0.0
15,2.0,0.0,0.0,0.0,2.0,0.0,1589.273,75.372,105.944,37.234,37.066,9.751,0.0,0.0
16,2.0,0.0,0.0,1.0,3.0,0.0,1514.026,144.931,83.919,37.688,37.281,9.838,0.0,0.0
17,2.0,0.0,0.0,2.0,4.0,0.0,1383.798,252.745,106.137,36.972,36.645,9.739,0.0,0.0
18,2.0,0.0,0.0,3.0,5.0,0.0,1349.574,295.838,45.798,36.8,36.468,9.693,0.0,0.0
19,2.0,0.0,0.0,4.0,6.0,0.0,1478.636,375.85,119.511,37.873,37.803,9.854,0.0,0.0
20,2.0,0.0,0.0,5.0,7.0,0.0,1683.648,397.764,32.375,37.576,37.171,9.733,0.0,0.0
21,2.0,0.0,0.0,6.0,8.0,0.0,1301.798,399.368,17.578,37.911,37.672,9.841,0.0,0.0
22,2.0,0.0,0.0,7.0,9.0,0.0,1537.771,413.385,1.206,37.887,37.561,9.748,0.0,0.0
23,2.0,0.0,0.0,8.0,10.0,0.0,1222.799,416.118,-0.521,39.052,34.541,9.576,0.0,0.0
24,3.0,0.0,0.0,0.0,0.0,0.0,2200.354,42.06,91.941,37.491,37.154,9.796,0.0,0.0
25,3.0,0.0,0.0,1.0,1.0,0.0,1994.447,65.172,87.236,36.852,36.63,9.721,0.0,0.0
26,3.0,0.0,0.0,2.0,2.0,0.0,2149.621,239.396,86.768,37.14,36.937,9.722,0.0,0.0
27,3.0,0.0,0.0,3.0,3.0,0.0,1998.986,243.829,85.762,37.104,36.994,9.802,0.0,0.0
28,3.0,0.0,0.0,4.0,4.0,0.0,2108.007,340.813,97.229,37.829,37.465,9.804,0.0,0.0
29,3.0,0.0,0.0,5.0,5.0,0.0,2124.999,404.96,41.074,38.026,37.692,9.859,0.0,0.0
30,4.0,0.0,0.0,0.0,0.0,0.0,2840.7,32.743,76.367,36.928,36.781,9.673,0.0,0.0
31,4.0,0.0,0.0,1.0,1.0,0.0,2578.849,62.221,65.89,36.488,36.171,9.611,0.0,0.0
32,4.0,0.0,0.0,2.0,2.0,0.0,2775.736,92.454,53.186,37.069,36.995,9.72,0.0,0.0
33,4.0,0.0,0.0,3.0,3.0,0.0,2598.139,305.141,4.227,37.123,37.117,9.743,0.0,0.0
34,4.0,0.0,0.0,4.0,4.0,0.0,2475.837,353.851,102.178,37.617,37.287,9.753,0.0,0.0
35,4.0,0.0,0.0,5.0,5.0,0.0,2405.956,363.414,91.691,38.112,37.847,9.89,0.0,0.0
36,4.0,0.0,0.0,6.0,6.0,0.0,2659.223,415.568,-3.019,37.879,35.537,9.557,0.0,0.0
37,5.0,0.0,0.0,0.0,0.0,0.0,3356.81,36.297,-1.528,37.266,37.187,9.771,0.0,0.0
38,5.0,0.0,0.0,1.0,1.0,0.0,3136.683,54.176,57.139,37.008,36.59,9.659,0.0,0.0
39,5.0,0.0,0.0,2.0,2.0,0.0,2930.719,85.987,87.696,37.088,36.811,9.938,0.0,0.0
40,5.0,0.0,0.0,3.0,3.0,0.0,3463.22,267.247,93.046,37.889,35.659,9.647,0.0,0.0
42,6.0,0.0,0.0,0.0,1.0,0.0,3813.136,70.335,97.508,37.611,37.256,9.825,0.0,0.0
43,6.0,0.0,0.0,1.0,2.0,0.0,3660.834,74.765,63.783,37.205,36.863,9.72,0.0,0.0
44,6.0,0.0,0.0,2.0,3.0,0.0,3738.009,84.992,32.167,37.419,37.33,9.733,0.0,0.0
45,6.0,0.0,0.0,3.0,4.0,0.0,3998.629,146.81,-44.809,37.606,37.496,9.856,0.0,0.0
46,6.0,0.0,0.0,4.0,5.0,0.0,3713.828,226.116,57.113,36.451,36.251,9.696,0.0,0.0
47,7.0,0.0,0.0,0.0,1.0,0.0,4352.201,53.732,65.081,37.137,36.735,9.772,0.0,0.0
48,7.0,0.0,0.0,1.0,2.0,0.0,4432.85,182.781,75.057,37.427,37.288,9.805,0.0,0.0
49,7.0,0.0,0.0,2.0,3.0,0.0,4587.22,222.751,115.104,37.148,36.986,9.729,0.0,0.0
50,7.0,0.0,0.0,3.0,4.0,0.0,4160.74,269.28,70.188,37.334,37.185,9.78,0.0,0.0
52,8.0,0.0,0.0,0.0,0.0,0.0,4713.246,104.61,86.744,36.803,36.212,9.658,0.0,0.0
53,8.0,0.0,0.0,1.0,1.0,0.0,5055.377,129.885,18.658,36.54,36.369,9.645,0.0,0.0
54,8.0,0.0,0.0,2.0,2.0,0.0,5166.414,132.758,79.007,37.257,37.109,9.759,0.0,0.0
55,8.0,0.0,0.0,3.0,3.0,0.0,5156.858,267.517,93.311,37.384,37.159,9.783,0.0,0.0
56,9.0,0.0,0.0,0.0,1.0,0.0,5398.107,162.875,110.96,37.13,36.86,9.71,0.0,0.0
57,9.0,0.0,0.0,1.0,2.0,0.0,5371.799,236.426,68.628,36.967,36.73,9.749,0.0,0.0
58,9.0,0.0,0.0,2.0,4.0,0.0,5431.848,291.529,57.675,37.37,36.991,9.759,0.0,0.0
59,9.0,0.0,0.0,3.0,6.0,0.0,5731.537,411.861,-17.543,38.227,37.921,9.838,0.0,0.0
60,0.0,1.0,0.0,0.0,1.0,0.0,569.514,440.453,-15.566,37.621,37.297,9.755,0.0,0.0
61,0.0,1.0,0.0,1.0,2.0,0.0,310.118,489.266,78.563,37.47,37.228,9.803,0.0,0.0
62,0.0,1.0,0.0,2.0,4.0,0.0,234.984,565.057,41.302,37.087,36.839,9.702,0.0,0.0
63,0.0,1.0,0.0,3.0,6.0,0.0,388.222,630.316,85.695,37.275,36.93,9.816,0.0,0.0
64,0.0,1.0,0.0,4.0,7.0,0.0,171.288,632.412,66.031,37.018,36.748,9.681,0.0,0.0
65,0.0,1.0,0.0,5.0,8.0,0.0,366.958,700.066,95.916,37.866,37.531,9.817,0.0,0.0
66,0.0,1.0,0.0,6.0,9.0,0.0,356.964,793.198,93.574,38.017,37.749,9.865,0.0,0.0
67,0.0,1.0,0.0,7.0,10.0,0.0,483.485,816.274,80.106,38.363,38.115,9.881,0.0,0.0
68,0.0,1.0,0.0,8.0,11.0,0.0,131.178,820.404,54.551,37.974,37.878,9.877,0.0,0.0
69,1.0,1.0,0.0,0.0,2.0,0.0,1003.068,516.468,-23.469,37.283,37.134,9.766,0.0,0.0
70,1.0,1.0,0.0,1.0,3.0,0.0,892.787,528.343,130.684,36.587,36.436,9.739,0.0,0.0
71,1.0,1.0,0.0,2.0,4.0,0.0,762.964,539.811,83.936,37.524,37.175,9.65,0.0,0.0
72,1.0,1.0,0.0,3.0,5.0,0.0,725.125,596.115,92.027,37.683,37.592,9.879,0.0,0.0
73,1.0,1.0,0.0,4.0,6.0,0.0,869.808,653.599,68.884,36.67,36.535,9.685,0.0,0.0
74,1.0,1.0,0.0,5.0,7.0,0.0,1154.913,684.412,110.392,37.573,37.223,9.739,0.0,0.0
75,1.0,1.0,0.0,6.0,8.0,0.0,626.501,720.881,59.152,37.671,37.356,9.769,0.0,0.0
76,1.0,1.0,0.0,7.0,9.0,0.0,1046.543,755.871,77.128,37.984,37.959,9.812,0.0,0.0
77,1.0,1.0,0.0,8.0,10.0,0.0,1125.36,783.902,94.104,38.236,38.095,9.939,0.0,0.0
78,1.0,1.0,0.0,9.0,12.0,0.0,824.357,796.501,76.732,37.676,37.623,9.805,0.0,0.0
79,1.0,1.0,0.0,10.0,13.0,0.0,1093.273,821.811,4.439,38.815,37.817,9.825,0.0,0.0
80,2.0,1.0,0.0,0.0,4.0,0.0,1365.422,437.998,84.92,37.6,37.353,9.76,0.0,0.0
81,2.0,1.0,0.0,1.0,5.0,0.0,1340.157,558.045,77.396,37.311,37.002,9.752,0.0,0.0
82,2.0,1.0,0.0,2.0,6.0,0.0,1247.669,565.176,82.561,37.894,37.741,9.848,0.0,0.0
83,2.0,1.0,0.0,3.0,7.0,0.0,1404.221,671.209,93.441,37.717,37.519,9.796,0.0,0.0
84,2.0,1.0,0.0,4.0,9.0,0.0,1587.736,727.372,86.483,38.383,38.306,9.909,0.0,0.0
85,2.0,1.0,0.0,5.0,10.0,0.0,1611.149,780.357,77.789,37.827,37.521,9.811,0.0,0.0
86,2.0,1.0,0.0,6.0,11.0,0.0,1185.062,789.076,35.749,38.37,37.941,9.859,0.0,0.0
87,2.0,1.0,0.0,7.0,12.0,0.0,1687.25,798.815,21.645,37.483,37.183,9.722,0.0,0.0
88,2.0,1.0,0.0,8.0,13.0,0.0,1449.785,825.916,-4.47,39.545,31.698,9.249,0.0,0.0
89,3.0,1.0,0.0,0.0,2.0,0.0,2260.926,454.71,33.57,37.139,37.007,9.809,0.0,0.0
90,3.0,1.0,0.0,1.0,3.0,0.0,1828.019,585.761,90.367,37.387,37.02,9.765,0.0,0.0
91,3.0,1.0,0.0,2.0,4.0,0.0,2302.815,693.675,49.919,37.438,37.282,9.806,0.0,0.0
92,3.0,1.0,0.0,3.0,6.0,0.0,2021.577,739.828,62.7,36.848,36.645,9.722,0.0,0.0
93,3.0,1.0,0.0,4.0,7.0,0.0,2094.334,807.978,41.987,37.971,37.602,9.84,0.0,0.0
94,4.0,1.0,0.0,0.0,2.0,0.0,2362.348,450.891,-36.633,37.261,36.818,9.722,0.0,0.0
95,4.0,1.0,0.0,1.0,3.0,0.0,2734.656,520.847,64.342,37.258,36.872,9.729,0.0,0.0
96,4.0,1.0,0.0,2.0,4.0,0.0,2765.191,570.55,91.042,37.133,36.978,9.804,0.0,0.0
97,4.0,1.0,0.0,3.0,5.0,0.0,2517.643,577.938,29.793,36.821,36.736,9.731,0.0,0.0
98,4.0,1.0,0.0,4.0,6.0,0.0,2848.226,583.038,121.838,37.599,37.512,9.857,0.0,0.0
100,4.0,1.0,0.0,6.0,8.0,0.0,2700.993,672.368,64.917,37.325,37.175,9.777,0.0,0.0
101,4.0,1.0,0.0,7.0,10.0,0.0,2869.721,686.615,95.136,37.974,37.691,9.852,0.0,0.0
102,4.0,1.0,0.0,8.0,12.0,0.0,2501.452,776.592,43.593,37.893,37.568,9.826,0.0,0.0
103,4.0,1.0,0.0,9.0,13.0,0.0,2669.401,797.571,111.402,37.93,37.529,9.825,0.0,0.0
104,5.0,1.0,0.0,0.0,0.0,0.0,3215.012,480.263,97.098,37.848,37.307,9.862,0.0,0.0
105,5.0,1.0,0.0,1.0,1.0,0.0,3078.96,551.098,46.807,36.959,36.596,9.731,0.0,0.0
106,5.0,1.0,0.0,2.0,2.0,0.0,3401.122,632.476,74.688,38.132,37.883,9.898,0.0,0.0
107,5.0,1.0,0.0,3.0,4.0,0.0,3464.79,694.587,92.2,39.79,33.621,9.461,0.0,0.0
108,5.0,1.0,0.0,4.0,5.0,0.0,3044.317,718.96,75.461,37.726,37.43,9.863,0.0,0.0
109,5.0,1.0,0.0,5.0,6.0,0.0,3212.901,744.47,83.675,33.934,33.448,9.296,0.0,0.0
111,6.0,1.0,0.0,1.0,1.0,0.0,3870.863,529.969,47.245,33.267,32.997,9.223,0.0,0.0
112,6.0,1.0,0.0,2.0,2.0,0.0,3652.737,635.696,75.405,37.636,37.189,9.819,0.0,0.0
113,6.0,1.0,0.0,3.0,3.0,0.0,3784.096,664.12,69.514,37.006,36.771,9.76,0.0,0.0
114,6.0,1.0,0.0,4.0,4.0,0.0,3908.817,690.553,115.811,37.846,37.797,9.849,0.0,0.0
115,6.0,1.0,0.0,5.0,6.0,0.0,3711.863,724.101,120.867,37.317,37.043,9.837,0.0,0.0
116,6.0,1.0,0.0,6.0,8.0,0.0,3931.433,785.455,27.396,38.036,37.62,9.776,0.0,0.0
117,7.0,1.0,0.0,0.0,1.0,0.0,4257.738,445.269,73.673,36.946,36.904,9.692,0.0,0.0
119,7.0,1.0,0.0,2.0,3.0,0.0,4430.991,594.602,69.647,37.209,36.749,9.783,0.0,0.0
121,7.0,1.0,0.0,4.0,7.0,0.0,4290.667,818.894,76.415,37.414,37.277,9.802,0.0,0.0
122,8.0,1.0,0.0,0.0,0.0,0.0,4694.981,483.005,110.601,37.001,36.484,9.643,0.0,0.0
123,8.0,1.0,0.0,1.0,1.0,0.0,4941.233,630.894,87.109,36.738,36.546,9.695,0.0,0.0
124,8.0,1.0,0.0,2.0,2.0,0.0,4976.148,660.679,87.221,37.147,36.73,9.773,0.0,0.0
125,8.0,1.0,0.0,3.0,3.0,0.0,4636.774,748.13,73.525,37.269,37.008,9.748,0.0,0.0
126,9.0,1.0,0.0,0.0,1.0,0.0,5239.643,538.755,46.904,37.162,36.963,9.652,0.0,0.0
127,9.0,1.0,0.0,1.0,2.0,0.0,5531.185,558.45,56.263,37.062,36.866,9.702,0.0,0.0
128,9.0,1.0,0.0,2.0,3.0,0.0,5738.2,562.113,-10.341,37.722,37.574,9.804,0.0,0.0
129,9.0,1.0,0.0,3.0,4.0,0.0,5359.912,581.658,19.476,36.401,36.212,9.685,0.0,0.0
130,9.0,1.0,0.0,4.0,5.0,0.0,5624.879,594.906,54.936,37.116,36.955,9.721,0.0,0.0
131,9.0,1.0,0.0,5.0,6.0,0.0,5294.092,743.089,74.704,37.319,36.874,9.737,0.0,0.0
132,9.0,1.0,0.0,6.0,7.0,0.0,5606.512,764.677,102.06,38.068,37.551,9.846,0.0,0.0
133,0.0,2.0,0.0,0.0,2.0,0.0,478.372,924.746,100.35,37.733,37.419,9.862,0.0,0.0
134,0.0,2.0,0.0,1.0,3.0,0.0,508.904,1080.325,99.948,37.64,37.274,9.831,0.0,0.0
135,0.0,2.0,0.0,2.0,3.0,0.0,528.736,1046.728,120.579,38.447,37.908,9.792,0.0,0.0
136,0.0,2.0,0.0,3.0,4.0,0.0,450.887,1059.121,103.059,38.002,37.66,9.851,0.0,0.0
137,0.0,2.0,0.0,4.0,5.0,0.0,429.257,1093.653,110.602,37.706,37.313,9.768,0.0,0.0
138,0.0,2.0,0.0,5.0,7.0,0.0,560.931,1187.491,101.107,38.921,38.763,9.961,0.0,0.0
139,0.0,2.0,0.0,6.0,8.0,0.0,327.622,1213.115,116.184,37.444,37.225,9.799,0.0,0.0
140,1.0,2.0,0.0,0.0,1.0,0.0,770.04,838.855,102.602,36.645,36.425,9.589,0.0,0.0
141,1.0,2.0,0.0,1.0,2.0,0.0,978.38,926.272,58.424,37.19,37.161,9.758,0.0,0.0
142,1.0,2.0,0.0,2.0,3.0,0.0,1153.854,934.883,126.517,37.856,37.339,9.868,0.0,0.0
143,1.0,2.0,0.0,3.0,4.0,0.0,1080.874,996.603,69.758,37.088,36.922,9.791,0.0,0.0
144,1.0,2.0,0.0,4.0,5.0,0.0,979.9,1041.566,63.58,37.3,37.157,9.772,0.0,0.0
145,1.0,2.0,0.0,5.0,6.0,0.0,907.061,1052.165,-28.987,37.128,36.968,9.724,0.0,0.0
146,1.0,2.0,0.0,6.0,7.0,0.0,994.294,1118.919,58.801,37.58,37.239,9.819,0.0,0.0
147,1.0,2.0,0.0,7.0,8.0,0.0,1099.669,1122.262,111.144,37.904,37.685,9.842,0.0,0.0
148,1.0,2.0,0.0,8.0,9.0,0.0,992.929,1188.208,116.096,38.181,37.775,9.89,0.0,0.0
149,1.0,2.0,0.0,9.0,11.0,0.0,933.976,1208.224,82.653,38.086,37.837,9.886,0.0,0.0
150,2.0,2.0,0.0,0.0,1.0,0.0,1498.861,924.12,86.964,37.237,36.931,9.734,0.0,0.0
151,2.0,2.0,0.0,1.0,4.0,0.0,1642.328,1022.972,58.799,37.347,37.208,9.784,0.0,0.0
152,2.0,2.0,0.0,2.0,5.0,0.0,1497.622,1083.123,72.36,36.965,36.775,9.755,0.0,0.0
153,2.0,2.0,0.0,3.0,6.0,0.0,1623.448,1103.989,-41.287,37.831,37.69,9.834,0.0,0.0
154,2.0,2.0,0.0,4.0,7.0,0.0,1510.339,1201.751,101.964,37.663,37.644,9.806,0.0,0.0
155,2.0,2.0,0.0,5.0,8.0,0.0,1313.813,1235.407,-1.892,40.75,28.439,9.079,0.0,0.0
157,3.0,2.0,0.0,1.0,1.0,0.0,1907.675,863.728,88.106,38.113,32.545,9.324,0.0,0.0
158,3.0,2.0,0.0,2.0,2.0,0.0,2196.241,901.6,-30.776,37.525,37.247,9.813,0.0,0.0
159,3.0,2.0,0.0,3.0,3.0,0.0,2121.968,929.049,100.202,37.057,36.809,9.772,0.0,0.0
160,3.0,2.0,0.0,4.0,4.0,0.0,1803.681,948.067,76.194,37.198,37.014,9.74,0.0,0.0
161,3.0,2.0,0.0,5.0,6.0,0.0,1956.059,972.18,87.656,38.679,38.454,9.966,0.0,0.0
162,3.0,2.0,0.0,6.0,9.0,0.0,2114.414,1023.898,-21.131,36.633,36.542,9.68,0.0,0.0
163,3.0,2.0,0.0,7.0,11.0,0.0,1943.931,1053.044,118.618,37.284,36.813,9.724,0.0,0.0
164,3.0,2.0,0.0,8.0,12.0,0.0,2263.75,1083.312,79.835,37.127,36.993,9.805,0.0,0.0
165,3.0,2.0,0.0,9.0,13.0,0.0,1985.81,1096.902,65.607,36.581,36.179,9.704,0.0,0.0
166,3.0,2.0,0.0,10.0,14.0,0.0,1877.04,1165.374,116.273,37.323,36.858,9.735,0.0,0.0
167,4.0,2.0,0.0,0.0,0.0,0.0,2826.845,914.823,124.502,36.828,36.507,9.702,0.0,0.0
168,4.0,2.0,0.0,1.0,1.0,0.0,2697.33,950.846,62.98,37.492,37.298,9.815,0.0,0.0
169,4.0,2.0,0.0,2.0,2.0,0.0,2419.643,983.206,57.535,36.978,36.886,9.772,0.0,0.0
170,4.0,2.0,0.0,3.0,3.0,0.0,2824.687,995.176,130.616,37.212,37.001,9.74,0.0,0.0
171,4.0,2.0,0.0,4.0,4.0,0.0,2431.53,1040.502,43.503,37.637,37.337,9.839,0.0,0.0
172,4.0,2.0,0.0,5.0,5.0,0.0,2627.524,1073.036,101.091,37.857,37.441,9.881,0.0,0.0
173,4.0,2.0,0.0,6.0,6.0,0.0,2534.996,1122.33,70.462,37.102,36.684,9.761,0.0,0.0
174,5.0,2.0,0.0,0.0,0.0,0.0,3289.8,881.236,92.311,37.39,37.123,9.779,0.0,0.0
175,5.0,2.0,0.0,1.0,1.0,0.0,3024.992,958.229,89.202,37.368,37.155,9.78,0.0,0.0
176,5.0,2.0,0.0,2.0,2.0,0.0,3376.617,963.396,88.95,37.518,37.142,9.798,0.0,0.0
177,6.0,2.0,0.0,0.0,0.0,0.0,3883.397,841.39,113.169,36.973,36.628,9.737,0.0,0.0
178,6.0,2.0,0.0,1.0,1.0,0.0,3788.129,885.056,51.232,36.744,36.405,9.677,0.0,0.0
179,6.0,2.0,0.0,2.0,2.0,0.0,3529.514,1004.548,53.655,38.06,37.509,9.839,0.0,0.0
180,6.0,2.0,0.0,3.0,3.0,0.0,3944.115,1004.529,58.203,37.431,36.95,9.761,0.0,0.0
181,6.0,2.0,0.0,4.0,4.0,0.0,3649.168,1098.667,45.377,36.836,36.532,9.706,0.0,0.0
182,6.0,2.0,0.0,5.0,5.0,0.0,3767.751,1140.697,133.801,32.131,31.773,9.233,0.0,0.0
183,6.0,2.0,0.0,6.0,6.0,0.0,3617.265,1195.029,-29.092,37.438,37.335,9.813,0.0,0.0
184,7.0,2.0,0.0,0.0,3.0,0.0,4388.124,896.551,63.806,36.838,36.738,9.733,0.0,0.0
185,7.0,2.0,0.0,1.0,4.0,0.0,4280.752,1115.077,60.028,37.458,37.252,9.805,0.0,0.0
186,7.0,2.0,0.0,2.0,5.0,0.0,4332.034,1169.219,78.558,37.78,37.528,9.806,0.0,0.0
187,7.0,2.0,0.0,3.0,6.0,0.0,4155.892,1172.074,58.981,37.463,37.25,9.805,0.0,0.0
188,8.0,2.0,0.0,0.0,1.0,0.0,4646.493,872.711,79.385,37.16,36.644,9.686,0.0,0.0
189,8.0,2.0,0.0,1.0,2.0,0.0,5045.292,896.228,82.226,36.778,36.673,9.717,0.0,0.0
190,8.0,2.0,0.0,2.0,3.0,0.0,4829.684,926.87,101.952,36.454,36.211,9.691,0.0,0.0
191,8.0,2.0,0.0,3.0,4.0,0.0,4941.689,964.922,95.777,36.456,36.219,9.614,0.0,0.0
192,8.0,2.0,0.0,4.0,5.0,0.0,4664.978,1012.707,58.921,37.044,36.573,9.738,0.0,0.0
193,8.0,2.0,0.0,5.0,6.0,0.0,4849.18,1059.05,92.177,37.437,36.728,9.733,0.0,0.0
194,8.0,2.0,0.0,6.0,7.0,0.0,4907.528,1081.064,66.063,36.44,36.047,9.667,0.0,0.0
195,8.0,2.0,0.0,7.0,8.0,0.0,4772.69,1132.254,78.467,37.406,37.151,9.784,0.0,0.0
196,8.0,2.0,0.0,8.0,9.0,0.0,4904.518,1175.543,54.829,37.316,37.205,9.78,0.0,0.0
197,9.0,2.0,0.0,0.0,0.0,0.0,5532.834,845.333,96.118,36.477,36.209,9.694,0.0,0.0
198,9.0,2.0,0.0,1.0,1.0,0.0,5489.977,852.291,20.752,37.195,36.927,9.728,0.0,0.0
201,9.0,2.0,0.0,4.0,3.0,0.0,5510.57,1061.754,46.26,36.66,36.587,9.69,0.0,0.0
202,9.0,2.0,0.0,5.0,5.0,0.0,5265.039,1191.465,54.98,37.656,37.322,9.763,0.0,0.0
203,9.0,2.0,0.0,6.0,6.0,0.0,5522.647,1209.995,77.729,37.497,37.49,9.764,0.0,0.0
204,9.0,2.0,0.0,7.0,7.0,0.0,5467.649,1228.231,23.827,37.734,37.661,9.817,0.0,0.0
205,0.0,3.0,0.0,0.0,1.0,0.0,398.201,1257.354,96.43,37.951,37.565,9.832,0.0,0.0
206,0.0,3.0,0.0,1.0,2.0,0.0,367.805,1354.116,100.258,37.156,36.859,9.791,0.0,0.0
207,0.0,3.0,0.0,2.0,4.0,0.0,227.993,1469.302,33.505,37.953,37.671,9.925,0.0,0.0
208,0.0,3.0,0.0,3.0,6.0,0.0,319.678,1509.875,35.122,37.645,37.314,9.837,0.0,0.0
209,0.0,3.0,0.0,4.0,8.0,0.0,432.491,1560.045,30.428,37.473,37.369,9.822,0.0,0.0
211,2.0,3.0,0.0,0.0,1.0,0.0,1296.811,1294.792,116.699,37.635,36.619,9.377,0.0,0.0
212,2.0,3.0,0.0,1.0,2.0,0.0,1268.254,1339.225,82.273,38.022,37.771,9.869,0.0,0.0
213,2.0,3.0,0.0,2.0,3.0,0.0,1437.501,1360.314,82.435,37.105,36.828,9.781,0.0,0.0
214,2.0,3.0,0.0,3.0,4.0,0.0,1307.437,1453.449,6.831,37.419,37.307,9.807,0.0,0.0
215,2.0,3.0,0.0,4.0,5.0,0.0,1245.083,1465.105,68.776,37.332,36.993,9.755,0.0,0.0
216,2.0,3.0,0.0,5.0,6.0,0.0,1418.71,1467.241,83.541,37.352,36.963,9.753,0.0,0.0
218,3.0,3.0,0.0,0.0,0.0,0.0,1813.898,1258.09,78.615,36.914,36.728,9.742,0.0,0.0
219,3.0,3.0,0.0,1.0,1.0,0.0,1852.743,1288.358,75.564,37.117,36.849,9.707,0.0,0.0
220,3.0,3.0,0.0,2.0,2.0,0.0,1892.404,1354.673,45.191,37.415,36.883,9.75,0.0,0.0
221,3.0,3.0,0.0,3.0,3.0,0.0,1962.981,1408.686,73.526,36.864,36.643,9.724,0.0,0.0
222,3.0,3.0,0.0,4.0,5.0,0.0,2096.143,1453.162,108.594,37.077,36.915,9.71,0.0,0.0
223,3.0,3.0,0.0,5.0,7.0,0.0,2031.628,1496.889,94.249,32.257,32.12,9.579,0.0,0.0
224,3.0,3.0,0.0,6.0,8.0,0.0,1817.482,1528.756,57.866,37.68,37.199,9.826,0.0,0.0
225,3.0,3.0,0.0,7.0,10.0,0.0,2087.6,1564.851,-10.058,37.462,37.342,9.817,0.0,0.0
226,3.0,3.0,0.0,8.0,11.0,0.0,2159.034,1608.982,33.432,37.936,37.336,9.879,0.0,0.0
227,3.0,3.0,0.0,9.0,12.0,0.0,1857.994,1626.101,41.25,37.776,37.365,9.784,0.0,0.0
228,4.0,3.0,0.0,0.0,0.0,0.0,2823.905,1322.696,123.078,36.837,36.641,9.72,0.0,0.0
229,4.0,3.0,0.0,1.0,1.0,0.0,2514.587,1369.737,62.759,37.444,37.011,9.771,0.0,0.0
230,4.0,3.0,0.0,2.0,2.0,0.0,2726.45,1407.408,-6.893,37.287,37.097,9.762,0.0,0.0
231,4.0,3.0,0.0,3.0,3.0,0.0,2582.736,1440.295,89.356,38.286,32.232,9.24,0.0,0.0
232,4.0,3.0,0.0,4.0,3.0,0.0,2613.228,1439.019,92.57,38.38,32.464,9.351,0.0,0.0
233,4.0,3.0,0.0,5.0,5.0,0.0,2517.172,1580.78,73.858,37.237,36.929,9.733,0.0,0.0
234,5.0,3.0,0.0,0.0,0.0,0.0,3439.362,1315.757,55.019,36.653,36.043,9.461,0.0,0.0
235,5.0,3.0,0.0,1.0,1.0,0.0,3313.323,1317.069,110.615,36.889,36.514,9.71,0.0,0.0
236,5.0,3.0,0.0,2.0,3.0,0.0,3305.045,1373.135,117.011,37.009,36.911,9.701,0.0,0.0
237,5.0,3.0,0.0,3.0,4.0,0.0,3040.597,1480.498,62.555,36.976,36.562,9.729,0.0,0.0
238,5.0,3.0,0.0,4.0,5.0,0.0,3263.696,1484.993,58.615,37.41,37.187,9.79,0.0,0.0
239,5.0,3.0,0.0,5.0,6.0,0.0,3459.838,1588.45,73.645,37.797,37.498,9.804,0.0,0.0
240,6.0,3.0,0.0,0.0,0.0,0.0,3873.963,1309.475,92.802,37.072,36.7,9.759,0.0,0.0
241,6.0,3.0,0.0,1.0,1.0,0.0,3759.514,1320.356,17.363,36.598,36.425,9.661,0.0,0.0
242,6.0,3.0,0.0,2.0,2.0,0.0,3480.422,1358.386,36.725,37.222,36.86,9.722,0.0,0.0
243,6.0,3.0,0.0,3.0,3.0,0.0,3518.762,1379.534,50.848,37.463,37.232,9.726,0.0,0.0
244,6.0,3.0,0.0,4.0,4.0,0.0,3860.279,1471.228,58.528,37.382,37.04,9.767,0.0,0.0
245,6.0,3.0,0.0,5.0,5.0,0.0,4032.893,1508.395,-8.696,37.841,37.613,9.825,0.0,0.0
246,6.0,3.0,0.0,6.0,6.0,0.0,3619.75,1543.581,47.141,37.366,37.116,9.775,0.0,0.0
247,6.0,3.0,0.0,7.0,7.0,0.0,3566.584,1559.929,14.818,37.332,37.206,9.782,0.0,0.0
248,6.0,3.0,0.0,8.0,9.0,0.0,3652.502,1638.282,8.44,37.353,36.657,9.713,0.0,0.0
249,7.0,3.0,0.0,0.0,1.0,0.0,4482.329,1260.135,88.399,37.589,33.713,9.862,0.0,0.0
250,7.0,3.0,0.0,1.0,1.0,0.0,4450.733,1260.059,92.499,37.7,33.536,9.751,0.0,0.0
251,7.0,3.0,0.0,2.0,2.0,0.0,4398.5,1305.364,81.929,37.124,36.85,9.708,0.0,0.0
252,7.0,3.0,0.0,3.0,3.0,0.0,4454.477,1328.602,98.556,37.167,37.047,9.818,0.0,0.0
253,7.0,3.0,0.0,4.0,4.0,0.0,4506.35,1362.019,90.134,37.257,36.743,9.711,0.0,0.0
254,7.0,3.0,0.0,5.0,5.0,0.0,4523.252,1438.999,86.47,36.949,36.571,9.648,0.0,0.0
255,7.0,3.0,0.0,6.0,6.0,0.0,4328.808,1504.545,65.347,36.783,36.575,9.705,0.0,0.0
256,7.0,3.0,0.0,7.0,7.0,0.0,4552.692,1508.326,98.58,37.673,37.424,9.778,0.0,0.0
257,7.0,3.0,0.0,8.0,10.0,0.0,4433.321,1543.141,120.83,37.875,37.601,9.827,0.0,0.0
258,7.0,3.0,0.0,9.0,11.0,0.0,4282.638,1544.203,-32.502,37.181,37.13,9.752,0.0,0.0
259,7.0,3.0,0.0,10.0,12.0,0.0,4205.645,1567.203,60.742,37.936,37.645,9.841,0.0,0.0
260,7.0,3.0,0.0,11.0,13.0,0.0,4429.755,1636.31,-1.326,37.957,37.869,9.797,0.0,0.0
262,8.0,3.0,0.0,1.0,1.0,0.0,5148.867,1320.217,3.609,37.358,37.332,9.725,0.0,0.0
264,8.0,3.0,0.0,3.0,3.0,0.0,4876.482,1534.442,86.245,39.062,38.876,9.993,0.0,0.0
266,8.0,3.0,0.0,5.0,5.0,0.0,4837.907,1616.826,110.917,38.2,38.058,9.929,0.0,0.0
267,8.0,3.0,0.0,6.0,6.0,0.0,4969.466,1631.34,20.753,37.571,37.296,9.826,0.0,0.0
268,8.0,3.0,0.0,7.0,7.0,0.0,5078.934,1644.481,-4.848,40.003,26.786,8.866,0.0,0.0
269,9.0,3.0,0.0,0.0,4.0,0.0,5712.884,1375.885,29.754,37.328,37.209,9.782,0.0,0.0
270,9.0,3.0,0.0,1.0,5.0,0.0,5386.023,1400.959,89.571,36.953,36.818,9.682,0.0,0.0
271,9.0,3.0,0.0,2.0,6.0,0.0,5771.7,1465.228,92.063,40.335,27.758,8.967,0.0,0.0
272,9.0,3.0,0.0,3.0,7.0,0.0,5357.699,1484.833,18.277,37.057,35.405,9.586,0.0,0.0
273,9.0,3.0,0.0,4.0,8.0,0.0,5504.837,1489.733,85.121,37.694,37.415,9.857,0.0,0.0
274,9.0,3.0,0.0,5.0,9.0,0.0,5466.053,1493.831,34.027,37.357,37.286,9.796,0.0,0.0
275,9.0,3.0,0.0,6.0,10.0,0.0,5254.06,1562.736,50.596,37.681,37.476,9.863,0.0,0.0
276,9.0,3.0,0.0,7.0,11.0,0.0,5654.369,1633.733,-20.755,38.019,37.544,9.764,0.0,0.0
277,0.0,4.0,0.0,0.0,0.0,0.0,164.21,1651.57,132.676,36.845,36.479,9.623,0.0,0.0
278,0.0,4.0,0.0,1.0,1.0,0.0,146.367,1853.691,56.459,37.143,36.671,9.765,0.0,0.0
279,0.0,4.0,0.0,2.0,2.0,0.0,25.263,1873.846,54.813,37.535,37.329,9.672,0.0,0.0
280,0.0,4.0,0.0,3.0,3.0,0.0,585.67,1899.835,93.5,39.232,31.943,9.302,0.0,0.0
281,0.0,4.0,0.0,4.0,4.0,0.0,219.144,2027.275,65.414,37.681,37.413,9.855,0.0,0.0
282,1.0,4.0,0.0,0.0,0.0,0.0,676.967,1733.021,106.267,37.316,37.208,9.78,0.0,0.0
283,1.0,4.0,0.0,1.0,2.0,0.0,977.049,1813.56,115.559,37.669,37.319,9.764,0.0,0.0
284,1.0,4.0,0.0,2.0,3.0,0.0,1043.623,1865.77,55.413,37.696,37.528,9.795,0.0,0.0
285,1.0,4.0,0.0,3.0,5.0,0.0,800.361,1924.158,118.71,37.47,37.013,9.775,0.0,0.0
286,1.0,4.0,0.0,4.0,6.0,0.0,1008.844,1950.857,104.65,37.817,37.344,9.864,0.0,0.0
287,1.0,4.0,0.0,5.0,7.0,0.0,671.605,2050.678,-1.226,40.442,29.919,9.179,0.0,0.0
288,2.0,4.0,0.0,0.0,0.0,0.0,1201.438,1664.825,-31.352,36.741,36.521,9.692,0.0,0.0
289,2.0,4.0,0.0,1.0,1.0,0.0,1736.769,1668.136,90.053,37.989,33.27,9.406,0.0,0.0
290,2.0,4.0,0.0,2.0,2.0,0.0,1421.312,1866.81,95.798,37.31,36.916,9.741,0.0,0.0
291,2.0,4.0,0.0,3.0,3.0,0.0,1330.249,2044.4,17.891,38.299,38.204,9.884,0.0,0.0
292,2.0,4.0,0.0,4.0,4.0,0.0,1486.287,2046.45,-8.149,37.259,36.422,9.669,0.0,0.0
293,3.0,4.0,0.0,0.0,2.0,0.0,2299.883,1673.848,67.487,37.662,37.406,9.851,0.0,0.0
294,3.0,4.0,0.0,1.0,3.0,0.0,1974.4,1713.104,54.648,37.317,37.094,9.844,0.0,0.0
295,3.0,4.0,0.0,2.0,4.0,0.0,1949.392,1823.079,95.835,37.797,37.255,9.772,0.0,0.0
296,3.0,4.0,0.0,3.0,5.0,0.0,2182.69,1822.838,110.465,37.226,37.16,9.762,0.0,0.0
297,3.0,4.0,0.0,4.0,6.0,0.0,1839.03,1858.814,77.52,37.357,37.241,9.79,0.0,0.0
298,3.0,4.0,0.0,5.0,7.0,0.0,2001.672,1902.386,88.328,37.401,36.927,9.754,0.0,0.0
299,3.0,4.0,0.0,6.0,8.0,0.0,2288.533,1950.043,78.37,38.016,37.89,9.884,0.0,0.0
300,3.0,4.0,0.0,7.0,9.0,0.0,1982.068,1969.128,66.775,37.263,37.192,9.771,0.0,0.0
301,3.0,4.0,0.0,8.0,10.0,0.0,1929.138,1994.467,111.976,37.978,37.868,9.876,0.0,0.0
302,3.0,4.0,0.0,9.0,11.0,0.0,2027.757,2034.546,85.232,38.135,38.106,9.851,0.0,0.0
303,4.0,4.0,0.0,0.0,2.0,0.0,2737.794,1690.374,12.997,37.398,37.319,9.806,0.0,0.0
304,4.0,4.0,0.0,1.0,3.0,0.0,2564.055,1691.423,35.457,36.935,36.801,9.755,0.0,0.0
305,4.0,4.0,0.0,2.0,4.0,0.0,2651.056,1700.526,43.169,37.469,37.242,9.805,0.0,0.0
306,4.0,4.0,0.0,3.0,8.0,0.0,2669.509,1972.392,72.211,37.081,36.902,9.787,0.0,0.0
307,4.0,4.0,0.0,4.0,9.0,0.0,2882.863,1999.006,33.765,38.712,38.504,9.977,0.0,0.0
308,4.0,4.0,0.0,5.0,10.0,0.0,2820.719,2000.664,81.378,38.158,37.916,9.829,0.0,0.0
309,5.0,4.0,0.0,0.0,0.0,0.0,3130.847,1662.233,56.977,37.206,36.701,9.698,0.0,0.0
310,5.0,4.0,0.0,1.0,1.0,0.0,2988.213,1778.609,22.827,37.505,37.248,9.733,0.0,0.0
311,5.0,4.0,0.0,2.0,2.0,0.0,3217.507,1843.297,90.915,37.076,37.045,9.727,0.0,0.0
312,5.0,4.0,0.0,3.0,4.0,0.0,3105.779,1905.858,103.242,37.212,37.01,9.741,0.0,0.0
314,5.0,4.0,0.0,5.0,7.0,0.0,3334.522,2048.312,-4.753,39.384,34.805,9.584,0.0,0.0
315,5.0,4.0,0.0,6.0,8.0,0.0,2927.101,2049.88,-0.668,39.61,31.488,9.217,0.0,0.0
316,6.0,4.0,0.0,0.0,1.0,0.0,3967.36,1658.562,96.461,37.284,36.888,9.734,0.0,0.0
317,6.0,4.0,0.0,1.0,2.0,0.0,3839.44,1745.946,73.827,37.197,36.918,9.726,0.0,0.0
318,6.0,4.0,0.0,2.0,3.0,0.0,3918.945,1786.421,1.869,37.225,37.192,9.766,0.0,0.0
319,6.0,4.0,0.0,3.0,4.0,0.0,3598.661,1803.99,58.562,37.346,37.139,9.775,0.0,0.0
320,6.0,4.0,0.0,4.0,5.0,0.0,3962.258,1827.357,51.397,38.145,37.926,9.905,0.0,0.0
322,6.0,4.0,0.0,6.0,7.0,0.0,3480.35,1903.278,38.746,37.504,37.316,9.819,0.0,0.0
323,6.0,4.0,0.0,7.0,8.0,0.0,3606.481,1938.878,48.335,37.476,37.176,9.797,0.0,0.0
324,6.0,4.0,0.0,8.0,9.0,0.0,3691.091,1967.242,41.602,37.015,36.817,9.767,0.0,0.0
325,7.0,4.0,0.0,0.0,1.0,0.0,4242.304,1663.575,70.952,37.544,36.998,9.783,0.0,0.0
327,7.0,4.0,0.0,2.0,4.0,0.0,4288.725,1755.797,3.914,31.875,29.885,9.874,0.0,0.0
328,7.0,4.0,0.0,3.0,6.0,0.0,4504.413,1770.109,97.992,37.516,37.381,9.829,0.0,0.0
329,7.0,4.0,0.0,4.0,7.0,0.0,4549.827,1916.611,78.217,37.676,37.515,9.868,0.0,0.0
330,7.0,4.0,0.0,5.0,8.0,0.0,4157.171,2006.289,59.211,37.65,37.475,9.782,0.0,0.0
331,7.0,4.0,0.0,6.0,9.0,0.0,4225.233,2043.796,80.253,37.625,37.549,9.788,0.0,0.0
332,8.0,4.0,0.0,0.0,3.0,0.0,4632.813,1678.421,46.258,37.65,37.557,9.87,0.0,0.0
333,8.0,4.0,0.0,1.0,4.0,0.0,4817.866,1678.267,78.58,36.615,36.325,9.728,0.0,0.0
334,8.0,4.0,0.0,2.0,5.0,0.0,5196.846,1692.441,90.448,41.218,25.048,8.733,0.0,0.0
335,8.0,4.0,0.0,3.0,6.0,0.0,4767.41,1732.539,63.659,36.33,36.166,9.669,0.0,0.0
336,8.0,4.0,0.0,4.0,7.0,0.0,4645.493,1761.046,78.889,36.934,36.729,9.667,0.0,0.0
337,8.0,4.0,0.0,5.0,8.0,0.0,4779.934,1884.494,101.905,36.558,36.124,9.615,0.0,0.0
338,8.0,4.0,0.0,6.0,8.0,0.0,4743.799,1879.0,65.177,36.893,36.529,9.635,0.0,0.0
339,8.0,4.0,0.0,7.0,9.0,0.0,4966.989,1885.763,82.531,36.948,36.445,9.709,0.0,0.0
340,9.0,4.0,0.0,0.0,1.0,0.0,5455.139,1689.816,49.484,37.257,36.817,9.721,0.0,0.0
341,9.0,4.0,0.0,1.0,3.0,0.0,5393.448,1808.219,82.711,37.169,36.938,9.726,0.0,0.0
342,9.0,4.0,0.0,2.0,4.0,0.0,5753.493,1831.488,116.249,37.429,37.092,9.78,0.0,0.0
343,9.0,4.0,0.0,3.0,5.0,0.0,5731.271,1868.521,79.822,37.326,37.181,9.778,0.0,0.0
344,9.0,4.0,0.0,4.0,6.0,0.0,5682.631,1930.487,106.755,37.577,37.237,9.818,0.0,0.0
345,9.0,4.0,0.0,5.0,7.0,0.0,5365.448,1943.212,79.645,36.93,36.703,9.741,0.0,0.0
346,9.0,4.0,0.0,6.0,8.0,0.0,5228.308,1999.287,42.28,37.306,37.228,9.782,0.0,0.0
347,9.0,4.0,0.0,7.0,9.0,0.0,5759.351,2008.449,30.794,38.187,37.925,9.834,0.0,0.0
348,9.0,4.0,0.0,8.0,10.0,0.0,5504.93,2047.782,-3.834,38.428,35.029,9.56,0.0,0.0
349,0.0,5.0,0.0,0.0,1.0,0.0,192.741,2078.863,108.768,36.319,35.833,9.623,0.0,0.0
350,0.0,5.0,0.0,1.0,2.0,0.0,380.203,2150.704,56.52,37.645,37.425,9.775,0.0,0.0
351,0.0,5.0,0.0,2.0,3.0,0.0,136.935,2194.896,-11.37,37.745,37.475,9.872,0.0,0.0
352,0.0,5.0,0.0,3.0,4.0,0.0,520.812,2299.916,109.718,37.78,37.605,9.816,0.0,0.0
353,0.0,5.0,0.0,4.0,5.0,0.0,44.047,2388.787,73.201,37.489,37.39,9.827,0.0,0.0
354,1.0,5.0,0.0,0.0,1.0,0.0,758.769,2106.501,-39.094,37.206,36.791,9.953,0.0,0.0
355,1.0,5.0,0.0,1.0,2.0,0.0,1137.867,2136.313,124.855,38.055,37.835,9.881,0.0,0.0
356,1.0,5.0,0.0,2.0,3.0,0.0,1037.385,2160.004,-23.605,37.351,36.965,9.753,0.0,0.0
357,1.0,5.0,0.0,3.0,5.0,0.0,1149.409,2259.015,95.012,37.693,37.29,9.84,0.0,0.0
358,1.0,5.0,0.0,4.0,6.0,0.0,953.631,2305.005,117.828,37.669,37.389,9.773,0.0,0.0
359,1.0,5.0,0.0,5.0,7.0,0.0,844.883,2305.281,83.877,37.46,37.125,9.788,0.0,0.0
360,1.0,5.0,0.0,6.0,8.0,0.0,916.745,2374.126,80.088,37.458,37.258,9.806,0.0,0.0
361,1.0,5.0,0.0,7.0,9.0,0.0,644.357,2417.304,81.942,38.119,37.958,9.829,0.0,0.0
362,2.0,5.0,0.0,0.0,2.0,0.0,1288.777,2075.147,60.528,36.995,36.963,9.706,0.0,0.0
363,2.0,5.0,0.0,1.0,3.0,0.0,1658.881,2096.712,81.842,37.279,37.108,9.762,0.0,0.0
364,2.0,5.0,0.0,2.0,5.0,0.0,1245.521,2198.543,65.621,36.882,36.371,9.691,0.0,0.0
365,2.0,5.0,0.0,3.0,6.0,0.0,1269.284,2239.148,58.478,37.91,37.284,9.713,0.0,0.0
366,2.0,5.0,0.0,4.0,7.0,0.0,1395.802,2249.406,46.033,37.398,36.915,9.752,0.0,0.0
367,2.0,5.0,0.0,5.0,9.0,0.0,1461.793,2267.811,57.621,37.414,37.17,9.788,0.0,0.0
368,2.0,5.0,0.0,6.0,10.0,0.0,1692.528,2309.84,33.683,37.787,37.619,9.818,0.0,0.0
369,2.0,5.0,0.0,7.0,11.0,0.0,1516.818,2339.553,95.928,37.603,37.396,9.766,0.0,0.0
370,2.0,5.0,0.0,8.0,12.0,0.0,1412.75,2424.202,77.203,37.597,37.164,9.811,0.0,0.0
371,3.0,5.0,0.0,0.0,1.0,0.0,2265.426,2066.87,92.294,37.538,36.958,9.776,0.0,0.0
372,3.0,5.0,0.0,1.0,2.0,0.0,1778.925,2132.686,113.771,37.097,36.341,9.637,0.0,0.0
373,3.0,5.0,0.0,2.0,4.0,0.0,2026.78,2283.493,62.924,37.541,37.285,9.82,0.0,0.0
374,3.0,5.0,0.0,3.0,5.0,0.0,1761.737,2445.383,-20.931,37.793,37.722,9.833,0.0,0.0
375,3.0,5.0,0.0,4.0,6.0,0.0,2268.781,2459.632,-4.906,39.835,28.767,9.061,0.0,0.0
376,4.0,5.0,0.0,0.0,0.0,0.0,2453.102,2072.788,29.27,36.787,36.55,9.702,0.0,0.0
378,4.0,5.0,0.0,2.0,4.0,0.0,2394.359,2190.423,-37.763,37.197,36.526,9.675,0.0,0.0
379,4.0,5.0,0.0,3.0,5.0,0.0,2329.64,2218.463,128.132,37.219,36.94,9.655,0.0,0.0
380,4.0,5.0,0.0,4.0,6.0,0.0,2601.475,2256.899,48.699,37.424,37.241,9.799,0.0,0.0
381,4.0,5.0,0.0,5.0,7.0,0.0,2756.192,2267.21,100.86,37.134,36.754,9.775,0.0,0.0
382,4.0,5.0,0.0,6.0,8.0,0.0,2717.631,2314.281,94.303,37.204,36.931,9.729,0.0,0.0
384,4.0,5.0,0.0,8.0,10.0,0.0,2357.17,2401.173,35.031,38.381,38.033,9.873,0.0,0.0
385,4.0,5.0,0.0,9.0,12.0,0.0,2475.069,2424.145,44.581,37.567,37.356,9.833,0.0,0.0
386,5.0,5.0,0.0,0.0,2.0,0.0,3075.531,2079.88,45.333,37.163,37.011,9.734,0.0,0.0
387,5.0,5.0,0.0,1.0,3.0,0.0,3426.163,2092.293,115.423,37.546,37.348,9.829,0.0,0.0
388,5.0,5.0,0.0,2.0,4.0,0.0,3206.363,2125.905,41.424,37.422,37.041,9.772,0.0,0.0
389,5.0,5.0,0.0,3.0,5.0,0.0,3307.038,2140.531,73.239,36.464,36.254,9.698,0.0,0.0
390,5.0,5.0,0.0,4.0,6.0,0.0,2968.475,2167.139,82.26,36.787,36.158,9.65,0.0,0.0
391,5.0,5.0,0.0,5.0,7.0,0.0,3416.344,2171.554,19.647,37.166,36.9,9.72,0.0,0.0
392,5.0,5.0,0.0,6.0,8.0,0.0,3018.89,2177.73,72.165,36.313,35.902,9.878,0.0,0.0
393,5.0,5.0,0.0,7.0,9.0,0.0,3043.277,2266.06,66.047,37.572,36.944,9.701,0.0,0.0
394,5.0,5.0,0.0,8.0,11.0,0.0,2914.988,2413.596,60.272,38.027,37.687,9.858,0.0,0.0
395,5.0,5.0,0.0,9.0,13.0,0.0,3339.73,2459.326,-5.406,39.33,29.272,9.055,0.0,0.0
396,6.0,5.0,0.0,0.0,0.0,0.0,3629.112,2156.033,132.242,37.217,37.043,9.746,0.0,0.0
397,6.0,5.0,0.0,1.0,1.0,0.0,3997.012,2173.676,70.21,37.435,37.416,9.823,0.0,0.0
398,6.0,5.0,0.0,2.0,2.0,0.0,3543.482,2177.23,101.102,36.797,36.504,9.777,0.0,0.0
399,6.0,5.0,0.0,3.0,4.0,0.0,3492.479,2383.605,91.995,38.563,38.033,9.896,0.0,0.0
400,7.0,5.0,0.0,0.0,1.0,0.0,4453.371,2106.533,67.806,37.62,37.093,9.804,0.0,0.0
401,7.0,5.0,0.0,1.0,2.0,0.0,4194.982,2188.479,83.539,36.802,36.545,9.703,0.0,0.0
402,7.0,5.0,0.0,2.0,3.0,0.0,4479.844,2208.921,60.161,37.966,37.762,9.86,0.0,0.0
403,7.0,5.0,0.0,3.0,4.0,0.0,4226.889,2259.168,-13.367,37.292,36.294,9.429,0.0,0.0
404,7.0,5.0,0.0,4.0,5.0,0.0,4157.531,2265.796,69.709,37.189,36.739,9.779,0.0,0.0
405,7.0,5.0,0.0,5.0,8.0,0.0,4295.239,2407.983,52.315,37.306,36.964,9.747,0.0,0.0
406,8.0,5.0,0.0,0.0,0.0,0.0,5180.566,2081.267,113.423,37.691,36.976,9.798,0.0,0.0
407,8.0,5.0,0.0,1.0,1.0,0.0,4818.847,2094.167,62.818,36.439,36.252,9.617,0.0,0.0
408,8.0,5.0,0.0,2.0,2.0,0.0,5112.206,2178.299,85.186,36.82,36.629,9.717,0.0,0.0
409,8.0,5.0,0.0,3.0,3.0,0.0,4836.294,2263.258,22.79,36.9,36.725,9.662,0.0,0.0
411,8.0,5.0,0.0,5.0,5.0,0.0,4805.734,2301.284,66.322,36.901,36.572,9.72,0.0,0.0
412,8.0,5.0,0.0,6.0,6.0,0.0,5159.774,2326.916,97.633,37.162,36.723,9.697,0.0,0.0
413,8.0,5.0,0.0,7.0,7.0,0.0,4634.997,2352.394,56.259,37.758,37.469,9.872,0.0,0.0
414,8.0,5.0,0.0,8.0,8.0,0.0,4723.894,2455.349,-2.107,38.55,35.747,9.671,0.0,0.0
415,8.0,5.0,0.0,9.0,9.0,0.0,4966.098,2459.039,-4.426,40.17,29.657,9.125,0.0,0.0
417,9.0,5.0,0.0,1.0,4.0,0.0,5516.245,2318.742,84.76,36.762,36.607,9.706,0.0,0.0
418,9.0,5.0,0.0,2.0,5.0,0.0,5271.949,2425.397,31.445,37.475,37.313,9.738,0.0,0.0
419,9.0,5.0,0.0,3.0,6.0,0.0,5360.176,2443.689,14.307,37.477,37.189,9.799,0.0,0.0
420,0.0,6.0,0.0,0.0,0.0,0.0,470.01,2479.04,73.091,38.247,37.809,9.903,0.0,0.0
421,0.0,6.0,0.0,1.0,1.0,0.0,155.638,2480.827,81.676,37.621,37.071,9.802,0.0,0.0
422,0.0,6.0,0.0,2.0,2.0,0.0,585.993,2518.418,92.176,39.602,31.255,9.242,0.0,0.0
423,0.0,6.0,0.0,3.0,4.0,0.0,195.968,2630.852,29.858,37.721,37.504,9.872,0.0,0.0
424,0.0,6.0,0.0,4.0,5.0,0.0,318.513,2687.413,-14.929,36.557,36.415,9.981,0.0,0.0
425,0.0,6.0,0.0,5.0,6.0,0.0,447.335,2671.133,-15.853,37.488,37.141,9.794,0.0,0.0
426,0.0,6.0,0.0,6.0,7.0,0.0,549.331,2684.78,63.732,38.022,37.797,9.872,0.0,0.0
427,0.0,6.0,0.0,7.0,8.0,0.0,586.893,2834.628,93.279,41.297,29.872,9.183,0.0,0.0
428,1.0,6.0,0.0,0.0,1.0,0.0,926.334,2581.576,89.908,37.667,37.251,9.832,0.0,0.0
429,1.0,6.0,0.0,1.0,2.0,0.0,1162.033,2673.028,92.182,39.468,31.345,9.185,0.0,0.0
430,1.0,6.0,0.0,2.0,4.0,0.0,856.925,2742.994,-19.455,37.391,37.346,9.808,0.0,0.0
431,1.0,6.0,0.0,3.0,5.0,0.0,776.54,2803.156,116.763,37.388,37.264,9.797,0.0,0.0
432,1.0,6.0,0.0,4.0,6.0,0.0,999.07,2810.14,66.203,38.319,37.979,9.858,0.0,0.0
434,2.0,6.0,0.0,1.0,2.0,0.0,1451.573,2517.993,68.709,36.905,36.621,9.727,0.0,0.0
435,2.0,6.0,0.0,2.0,3.0,0.0,1725.124,2630.36,73.708,38.024,37.944,9.892,0.0,0.0
436,2.0,6.0,0.0,3.0,4.0,0.0,1342.804,2652.137,80.764,36.984,36.765,9.756,0.0,0.0
437,2.0,6.0,0.0,4.0,6.0,0.0,1661.499,2769.121,114.238,38.631,38.073,9.91,0.0,0.0
438,2.0,6.0,0.0,5.0,7.0,0.0,1639.048,2863.789,-8.135,38.773,35.345,9.573,0.0,0.0
439,3.0,6.0,0.0,0.0,2.0,0.0,2158.651,2516.221,132.531,37.287,37.059,9.757,0.0,0.0
440,3.0,6.0,0.0,1.0,3.0,0.0,2198.311,2536.959,50.089,37.247,36.82,9.798,0.0,0.0
441,3.0,6.0,0.0,2.0,4.0,0.0,2195.857,2597.023,65.271,37.628,37.186,9.818,0.0,0.0
442,3.0,6.0,0.0,3.0,7.0,0.0,2107.411,2713.961,134.466,36.849,36.783,9.741,0.0,0.0
443,4.0,6.0,0.0,0.0,1.0,0.0,2676.277,2534.885,67.665,37.602,37.231,9.82,0.0,0.0
444,4.0,6.0,0.0,1.0,2.0,0.0,2658.761,2572.778,69.702,37.135,36.863,9.789,0.0,0.0
445,4.0,6.0,0.0,2.0,3.0,0.0,2846.673,2596.914,-16.897,36.967,36.914,9.696,0.0,0.0
446,4.0,6.0,0.0,3.0,5.0,0.0,2489.462,2673.575,77.653,37.18,36.989,9.734,0.0,0.0
447,4.0,6.0,0.0,4.0,6.0,0.0,2784.753,2785.741,106.366,37.664,37.343,9.844,0.0,0.0
448,4.0,6.0,0.0,5.0,7.0,0.0,2383.163,2817.626,62.25,37.133,37.006,9.73,0.0,0.0
449,5.0,6.0,0.0,0.0,3.0,0.0,3468.792,2484.127,90.524,41.596,25.142,8.725,0.0,0.0
450,5.0,6.0,0.0,1.0,5.0,0.0,3026.664,2531.746,73.826,36.913,36.547,9.718,0.0,0.0
451,5.0,6.0,0.0,2.0,6.0,0.0,2966.07,2608.402,2.993,37.29,37.134,9.767,0.0,0.0
452,5.0,6.0,0.0,3.0,9.0,0.0,3095.053,2678.342,-5.327,36.674,34.474,9.489,0.0,0.0
453,5.0,6.0,0.0,4.0,10.0,0.0,3181.815,2714.912,76.065,37.59,37.142,9.807,0.0,0.0
454,5.0,6.0,0.0,5.0,11.0,0.0,2979.066,2763.149,-26.903,37.348,37.23,9.711,0.0,0.0
455,5.0,6.0,0.0,6.0,12.0,0.0,3149.083,2808.108,62.879,37.505,37.373,9.906,0.0,0.0
456,5.0,6.0,0.0,7.0,13.0,0.0,3012.638,2859.296,5.266,37.807,37.787,9.843,0.0,0.0
457,6.0,6.0,0.0,0.0,2.0,0.0,3627.48,2511.26,60.671,37.087,36.713,9.763,0.0,0.0
458,6.0,6.0,0.0,1.0,3.0,0.0,3694.291,2554.411,45.743,36.601,36.417,9.66,0.0,0.0
459,6.0,6.0,0.0,2.0,5.0,0.0,3827.925,2697.39,43.383,37.122,36.911,9.716,0.0,0.0
460,6.0,6.0,0.0,3.0,6.0,0.0,3719.252,2700.103,80.087,36.828,36.704,9.728,0.0,0.0
461,6.0,6.0,0.0,4.0,7.0,0.0,3619.425,2732.179,51.808,37.65,37.517,9.865,0.0,0.0
462,6.0,6.0,0.0,5.0,8.0,0.0,3691.1,2772.009,54.379,37.646,37.418,9.851,0.0,0.0
463,6.0,6.0,0.0,6.0,9.0,0.0,3963.811,2869.522,-4.423,41.032,24.381,8.707,0.0,0.0
464,7.0,6.0,0.0,0.0,0.0,0.0,4263.172,2518.651,124.451,36.86,36.808,9.746,0.0,0.0
465,7.0,6.0,0.0,1.0,1.0,0.0,4139.555,2524.382,130.117,36.818,36.677,9.645,0.0,0.0
466,7.0,6.0,0.0,2.0,2.0,0.0,4462.172,2673.688,-36.717,37.633,37.383,9.768,0.0,0.0
467,7.0,6.0,0.0,3.0,3.0,0.0,4285.531,2683.882,59.667,37.147,36.713,9.771,0.0,0.0
468,7.0,6.0,0.0,4.0,4.0,0.0,4488.793,2705.273,77.934,36.95,36.832,9.761,0.0,0.0
469,7.0,6.0,0.0,5.0,5.0,0.0,4535.958,2712.76,59.987,37.517,37.367,9.828,0.0,0.0
470,7.0,6.0,0.0,6.0,7.0,0.0,4375.13,2853.549,62.0,37.592,37.323,9.832,0.0,0.0
471,7.0,6.0,0.0,7.0,8.0,0.0,4436.121,2854.132,9.215,37.84,37.546,9.816,0.0,0.0
472,7.0,6.0,0.0,8.0,9.0,0.0,4495.569,2855.641,10.616,38.134,37.829,9.891,0.0,0.0
473,7.0,6.0,0.0,9.0,10.0,0.0,4229.2,2866.587,-3.314,39.956,30.305,9.178,0.0,0.0
474,8.0,6.0,0.0,0.0,3.0,0.0,4736.184,2496.087,45.206,36.915,36.648,9.654,0.0,0.0
475,8.0,6.0,0.0,1.0,4.0,0.0,4931.784,2547.023,101.503,36.998,36.71,9.751,0.0,0.0
476,8.0,6.0,0.0,2.0,5.0,0.0,4928.01,2624.69,85.651,36.831,36.689,9.726,0.0,0.0
477,8.0,6.0,0.0,3.0,6.0,0.0,4718.593,2725.201,69.186,37.46,37.032,9.776,0.0,0.0
478,8.0,6.0,0.0,4.0,7.0,0.0,4806.29,2734.306,41.919,36.827,36.638,9.719,0.0,0.0
479,8.0,6.0,0.0,5.0,8.0,0.0,5151.12,2763.194,-39.474,37.741,37.507,9.798,0.0,0.0
480,9.0,6.0,0.0,0.0,1.0,0.0,5565.362,2468.718,99.482,37.252,36.928,9.735,0.0,0.0
481,9.0,6.0,0.0,1.0,4.0,0.0,5495.13,2623.532,-28.912,37.483,37.225,9.805,0.0,0.0
482,9.0,6.0,0.0,2.0,5.0,0.0,5655.989,2626.528,129.336,37.526,37.395,9.755,0.0,0.0
483,9.0,6.0,0.0,3.0,6.0,0.0,5365.842,2650.199,15.636,36.92,36.672,9.736,0.0,0.0
484,9.0,6.0,0.0,4.0,7.0,0.0,5572.26,2659.077,-8.003,36.655,36.521,9.681,0.0,0.0
485,9.0,6.0,0.0,5.0,10.0,0.0,5350.356,2809.035,94.078,37.386,37.104,9.776,0.0,0.0
486,0.0,7.0,0.0,0.0,1.0,0.0,455.745,2935.222,100.582,37.123,36.795,9.779,0.0,0.0
487,0.0,7.0,0.0,1.0,3.0,0.0,171.303,3019.649,86.66,36.951,36.732,9.67,0.0,0.0
488,0.0,7.0,0.0,2.0,4.0,0.0,50.645,3035.078,34.392,37.309,37.124,9.768,0.0,0.0
489,0.0,7.0,0.0,3.0,5.0,0.0,317.92,3104.678,116.058,37.677,37.374,9.772,0.0,0.0
490,0.0,7.0,0.0,4.0,6.0,0.0,142.83,3156.975,9.106,37.818,37.736,9.838,0.0,0.0
491,1.0,7.0,0.0,0.0,0.0,0.0,949.017,2883.723,73.64,37.694,37.659,9.889,0.0,0.0
492,1.0,7.0,0.0,1.0,1.0,0.0,1077.255,2890.761,113.011,37.779,37.453,9.795,0.0,0.0
493,1.0,7.0,0.0,2.0,2.0,0.0,843.863,2916.713,-28.121,37.416,37.13,9.783,0.0,0.0
494,1.0,7.0,0.0,3.0,3.0,0.0,974.633,2934.989,101.779,37.424,34.25,9.639,0.0,0.0
495,1.0,7.0,0.0,4.0,3.0,0.0,942.415,2927.356,101.878,38.393,35.191,9.818,0.0,0.0
496,1.0,7.0,0.0,5.0,4.0,0.0,1028.966,2971.06,-21.485,37.048,36.97,9.714,0.0,0.0
497,1.0,7.0,0.0,6.0,5.0,0.0,972.587,3220.847,125.415,38.402,37.24,9.848,0.0,0.0
498,2.0,7.0,0.0,0.0,2.0,0.0,1631.275,3022.647,73.356,37.396,37.177,9.787,0.0,0.0
499,2.0,7.0,0.0,1.0,3.0,0.0,1453.153,3049.787,74.155,37.664,37.204,9.826,0.0,0.0
500,2.0,7.0,0.0,2.0,4.0,0.0,1455.771,3090.689,59.063,37.058,36.674,9.754,0.0,0.0
501,2.0,7.0,0.0,3.0,6.0,0.0,1537.925,3137.168,53.819,37.687,37.338,9.846,0.0,0.0
502,2.0,7.0,0.0,4.0,7.0,0.0,1725.786,3241.424,87.868,38.471,38.253,9.913,0.0,0.0
503,3.0,7.0,0.0,0.0,0.0,0.0,2157.233,2884.089,93.298,36.812,36.422,9.688,0.0,0.0
504,3.0,7.0,0.0,1.0,2.0,0.0,2271.683,3102.688,118.208,37.199,36.794,9.71,0.0,0.0
505,3.0,7.0,0.0,2.0,3.0,0.0,1763.919,3108.922,74.141,37.299,36.782,9.799,0.0,0.0
506,3.0,7.0,0.0,3.0,4.0,0.0,2078.112,3112.426,60.278,36.636,36.383,9.582,0.0,0.0
507,3.0,7.0,0.0,4.0,5.0,0.0,1923.297,3136.469,64.826,37.068,36.641,9.673,0.0,0.0
508,3.0,7.0,0.0,5.0,7.0,0.0,1957.638,3239.269,100.928,38.079,37.716,9.869,0.0,0.0
509,4.0,7.0,0.0,0.0,0.0,0.0,2871.269,2878.571,25.601,37.902,37.669,9.84,0.0,0.0
510,4.0,7.0,0.0,1.0,1.0,0.0,2554.394,2891.855,30.176,37.061,37.01,9.799,0.0,0.0
513,4.0,7.0,0.0,4.0,4.0,0.0,2525.914,3031.441,43.817,37.467,37.149,9.792,0.0,0.0
514,4.0,7.0,0.0,5.0,5.0,0.0,2654.119,3069.43,35.492,36.959,36.461,9.793,0.0,0.0
515,4.0,7.0,0.0,6.0,6.0,0.0,2781.424,3081.894,48.867,37.104,36.858,9.707,0.0,0.0
516,4.0,7.0,0.0,7.0,7.0,0.0,2872.782,3152.374,100.938,37.86,37.696,9.838,0.0,0.0
517,4.0,7.0,0.0,8.0,8.0,0.0,2487.634,3155.903,81.732,36.419,36.218,9.609,0.0,0.0
518,4.0,7.0,0.0,9.0,9.0,0.0,2368.645,3187.676,64.115,38.169,37.805,9.892,0.0,0.0
519,4.0,7.0,0.0,10.0,10.0,0.0,2607.938,3261.007,-17.603,37.212,37.02,9.742,0.0,0.0
520,5.0,7.0,0.0,0.0,2.0,0.0,3194.843,2922.414,62.555,37.193,37.0,9.737,0.0,0.0
521,5.0,7.0,0.0,1.0,3.0,0.0,3058.213,2999.025,88.841,36.651,36.313,9.652,0.0,0.0
522,5.0,7.0,0.0,2.0,5.0,0.0,3350.752,3114.406,37.428,36.775,36.652,9.714,0.0,0.0
523,5.0,7.0,0.0,3.0,6.0,0.0,3051.857,3142.854,72.59,37.346,37.096,9.769,0.0,0.0
524,5.0,7.0,0.0,4.0,8.0,0.0,3214.381,3165.539,105.87,37.158,36.946,9.725,0.0,0.0
525,5.0,7.0,0.0,5.0,9.0,0.0,3460.931,3200.003,-40.369,38.197,37.963,9.917,0.0,0.0
526,5.0,7.0,0.0,6.0,10.0,0.0,3135.866,3226.722,-43.185,37.312,37.043,9.758,0.0,0.0
527,5.0,7.0,0.0,7.0,11.0,0.0,3060.043,3248.049,113.707,37.484,37.123,9.715,0.0,0.0
528,5.0,7.0,0.0,8.0,12.0,0.0,3237.621,3272.698,-3.087,38.645,33.866,9.432,0.0,0.0
529,6.0,7.0,0.0,0.0,1.0,0.0,3841.573,2965.726,89.099,37.094,36.866,9.784,0.0,0.0
530,6.0,7.0,0.0,1.0,2.0,0.0,4040.958,3025.655,92.25,39.504,33.177,9.437,0.0,0.0
531,6.0,7.0,0.0,2.0,3.0,0.0,3867.152,3096.831,23.251,37.282,36.506,9.387,0.0,0.0
532,6.0,7.0,0.0,3.0,4.0,0.0,3515.706,3111.593,60.239,36.977,36.567,9.729,0.0,0.0
533,6.0,7.0,0.0,4.0,5.0,0.0,3646.761,3178.832,84.31,39.653,37.758,9.924,0.0,0.0
534,7.0,7.0,0.0,0.0,4.0,0.0,4545.847,2976.941,72.538,37.081,36.761,9.768,0.0,0.0
535,7.0,7.0,0.0,1.0,6.0,0.0,4582.375,3122.24,83.186,38.075,37.683,9.788,0.0,0.0
536,7.0,7.0,0.0,2.0,8.0,0.0,4299.853,3189.28,68.581,37.591,37.167,9.811,0.0,0.0
537,7.0,7.0,0.0,3.0,9.0,0.0,4248.265,3218.183,91.061,37.258,37.15,9.765,0.0,0.0
538,8.0,7.0,0.0,0.0,0.0,0.0,4878.127,2973.513,83.508,37.135,36.445,9.733,0.0,0.0
539,8.0,7.0,0.0,1.0,2.0,0.0,5179.641,3052.318,101.315,37.607,37.277,9.827,0.0,0.0
540,8.0,7.0,0.0,2.0,3.0,0.0,5183.793,3129.376,110.455,37.817,37.606,9.821,0.0,0.0
541,8.0,7.0,0.0,3.0,4.0,0.0,4795.118,3152.129,109.204,37.347,37.051,9.764,0.0,0.0
542,8.0,7.0,0.0,4.0,6.0,0.0,5010.573,3213.548,91.7,37.302,36.805,9.726,0.0,0.0
543,8.0,7.0,0.0,5.0,7.0,0.0,4732.904,3220.381,56.712,37.793,37.746,9.836,0.0,0.0
544,8.0,7.0,0.0,6.0,8.0,0.0,4786.038,3243.815,91.328,37.348,37.166,9.779,0.0,0.0
545,9.0,7.0,0.0,0.0,0.0,0.0,5647.827,2905.889,11.825,36.503,36.456,9.652,0.0,0.0
546,9.0,7.0,0.0,1.0,1.0,0.0,5427.03,2968.319,70.502,36.767,36.553,9.7,0.0,0.0
547,9.0,7.0,0.0,2.0,4.0,0.0,5550.993,3216.859,71.877,37.412,37.208,9.793,0.0,0.0
548,0.0,8.0,0.0,0.0,0.0,0.0,436.398,3316.581,77.274,37.486,37.147,9.795,0.0,0.0
550,0.0,8.0,0.0,2.0,2.0,0.0,571.622,3490.339,74.345,37.795,37.515,9.806,0.0,0.0
552,1.0,8.0,0.0,0.0,0.0,0.0,1080.28,3377.605,-38.644,37.401,37.122,9.78,0.0,0.0
553,1.0,8.0,0.0,1.0,1.0,0.0,936.126,3423.842,62.16,36.872,36.686,9.731,0.0,0.0
554,1.0,8.0,0.0,2.0,3.0,0.0,1031.996,3511.298,62.282,37.38,37.18,9.785,0.0,0.0
555,1.0,8.0,0.0,3.0,4.0,0.0,912.625,3559.103,72.726,37.611,37.367,9.84,0.0,0.0
556,1.0,8.0,0.0,4.0,5.0,0.0,616.41,3594.664,70.413,37.403,36.756,9.809,0.0,0.0
557,1.0,8.0,0.0,5.0,6.0,0.0,1022.327,3605.301,82.25,37.833,37.507,9.81,0.0,0.0
558,1.0,8.0,0.0,6.0,7.0,0.0,839.784,3634.568,53.219,37.38,37.226,9.791,0.0,0.0
559,2.0,8.0,0.0,0.0,1.0,0.0,1206.609,3334.513,121.431,36.375,36.227,9.605,0.0,0.0
560,2.0,8.0,0.0,1.0,2.0,0.0,1422.09,3353.382,111.187,36.552,36.339,9.643,0.0,0.0
561,2.0,8.0,0.0,2.0,3.0,0.0,1577.029,3417.255,67.702,37.07,36.653,9.753,0.0,0.0
562,2.0,8.0,0.0,3.0,4.0,0.0,1689.126,3467.05,71.391,37.328,37.078,9.765,0.0,0.0
563,2.0,8.0,0.0,4.0,5.0,0.0,1298.945,3543.504,104.866,37.598,37.046,9.796,0.0,0.0
564,2.0,8.0,0.0,5.0,7.0,0.0,1572.123,3571.334,73.749,37.573,37.34,9.831,0.0,0.0
565,2.0,8.0,0.0,6.0,9.0,0.0,1591.471,3668.183,68.687,38.221,38.084,9.859,0.0,0.0
566,3.0,8.0,0.0,0.0,1.0,0.0,2262.258,3346.059,123.008,37.361,37.093,9.771,0.0,0.0
567,3.0,8.0,0.0,1.0,2.0,0.0,2125.66,3481.538,46.012,36.746,36.556,9.697,0.0,0.0
568,3.0,8.0,0.0,2.0,3.0,0.0,2264.021,3551.052,134.05,36.97,36.897,9.772,0.0,0.0
569,3.0,8.0,0.0,3.0,4.0,0.0,2041.174,3583.405,120.979,37.623,37.408,9.847,0.0,0.0
570,3.0,8.0,0.0,4.0,5.0,0.0,2003.287,3616.123,114.366,37.721,37.579,9.805,0.0,0.0
571,3.0,8.0,0.0,5.0,6.0,0.0,1780.879,3628.52,46.694,37.87,37.303,9.788,0.0,0.0
572,3.0,8.0,0.0,6.0,7.0,0.0,2255.721,3654.146,83.303,38.12,37.888,9.897,0.0,0.0
573,4.0,8.0,0.0,0.0,1.0,0.0,2325.011,3290.64,115.68,37.396,36.526,9.702,0.0,0.0
574,4.0,8.0,0.0,1.0,2.0,0.0,2620.552,3405.26,71.113,36.995,36.646,9.742,0.0,0.0
575,4.0,8.0,0.0,2.0,3.0,0.0,2728.056,3411.363,84.388,37.006,36.967,9.786,0.0,0.0
576,4.0,8.0,0.0,3.0,4.0,0.0,2659.473,3436.758,-11.434,37.15,36.958,9.804,0.0,0.0
577,4.0,8.0,0.0,4.0,5.0,0.0,2806.771,3489.821,36.772,37.275,36.913,9.736,0.0,0.0
578,4.0,8.0,0.0,5.0,6.0,0.0,2525.303,3506.531,71.601,37.357,37.189,9.783,0.0,0.0
579,4.0,8.0,0.0,6.0,7.0,0.0,2407.88,3530.41,55.849,36.809,36.51,9.699,0.0,0.0
580,4.0,8.0,0.0,7.0,8.0,0.0,2603.915,3558.861,98.436,37.433,37.062,9.777,0.0,0.0
581,4.0,8.0,0.0,8.0,10.0,0.0,2605.532,3669.563,131.925,37.565,37.341,9.831,0.0,0.0
582,5.0,8.0,0.0,0.0,1.0,0.0,3468.492,3334.791,91.446,40.901,25.87,8.684,0.0,0.0
584,5.0,8.0,0.0,2.0,3.0,0.0,3014.452,3440.193,102.089,36.273,35.8,9.534,0.0,0.0
585,5.0,8.0,0.0,3.0,4.0,0.0,3302.229,3528.712,125.61,37.235,36.911,9.808,0.0,0.0
586,5.0,8.0,0.0,4.0,5.0,0.0,3263.975,3568.347,107.152,37.781,37.188,9.762,0.0,0.0
587,5.0,8.0,0.0,5.0,6.0,0.0,3189.514,3610.343,127.755,38.001,37.696,9.857,0.0,0.0
588,5.0,8.0,0.0,6.0,8.0,0.0,2996.89,3629.093,68.787,37.773,37.213,9.764,0.0,0.0
589,5.0,8.0,0.0,7.0,9.0,0.0,3008.669,3678.779,1.319,38.092,36.297,9.685,0.0,0.0
590,6.0,8.0,0.0,0.0,1.0,0.0,3893.074,3336.792,-38.21,36.615,36.271,9.642,0.0,0.0
591,6.0,8.0,0.0,1.0,2.0,0.0,3717.647,3388.459,43.472,36.974,36.725,9.672,0.0,0.0
592,6.0,8.0,0.0,2.0,3.0,0.0,3779.205,3397.695,-24.277,37.682,37.609,9.881,0.0,0.0
593,6.0,8.0,0.0,3.0,4.0,0.0,3783.314,3588.202,92.769,37.365,36.841,9.738,0.0,0.0
594,7.0,8.0,0.0,0.0,2.0,0.0,4573.344,3652.304,61.235,38.571,37.991,9.818,0.0,0.0
595,7.0,8.0,0.0,1.0,3.0,0.0,4190.876,3667.057,-6.759,37.824,37.663,9.829,0.0,0.0
596,7.0,8.0,0.0,2.0,4.0,0.0,4599.602,3684.933,-5.441,39.632,25.971,8.787,0.0,0.0
597,8.0,8.0,0.0,0.0,0.0,0.0,5042.002,3326.394,99.874,36.965,36.678,9.742,0.0,0.0
598,8.0,8.0,0.0,1.0,1.0,0.0,5005.576,3348.747,87.744,37.374,37.087,9.772,0.0,0.0
599,8.0,8.0,0.0,2.0,3.0,0.0,4868.898,3384.691,0.961,36.916,36.763,9.747,0.0,0.0
600,8.0,8.0,0.0,3.0,4.0,0.0,4812.589,3418.372,71.594,37.074,36.87,9.782,0.0,0.0
601,8.0,8.0,0.0,4.0,5.0,0.0,5120.443,3419.997,73.354,37.251,37.21,9.695,0.0,0.0
602,8.0,8.0,0.0,5.0,6.0,0.0,5008.316,3445.917,106.94,37.082,35.317,9.574,0.0,0.0
603,8.0,8.0,0.0,6.0,7.0,0.0,4655.609,3446.652,69.094,37.675,37.397,9.775,0.0,0.0
604,8.0,8.0,0.0,7.0,9.0,0.0,5168.58,3574.258,105.409,37.932,37.7,9.848,0.0,0.0
605,8.0,8.0,0.0,8.0,10.0,0.0,5124.225,3595.696,52.558,38.115,37.942,9.827,0.0,0.0
606,8.0,8.0,0.0,9.0,11.0,0.0,4958.67,3599.524,70.185,37.373,37.106,9.774,0.0,0.0
607,9.0,8.0,0.0,0.0,3.0,0.0,5459.942,3389.023,66.692,36.67,36.547,9.686,0.0,0.0
608,9.0,8.0,0.0,1.0,4.0,0.0,5730.072,3459.549,-40.981,37.418,37.26,9.801,0.0,0.0
609,9.0,8.0,0.0,2.0,5.0,0.0,5429.219,3556.382,116.027,37.364,37.024,9.763,0.0,0.0
610,9.0,8.0,0.0,3.0,6.0,0.0,5356.942,3600.684,134.744,37.591,37.486,9.853,0.0,0.0
611,0.0,9.0,0.0,0.0,1.0,0.0,291.436,3826.135,83.67,36.763,36.26,9.66,0.0,0.0
612,0.0,9.0,0.0,1.0,2.0,0.0,321.127,3919.104,49.134,37.274,37.077,9.758,0.0,0.0
613,0.0,9.0,0.0,2.0,3.0,0.0,417.508,3937.149,-2.946,37.09,36.915,9.712,0.0,0.0
614,0.0,9.0,0.0,3.0,4.0,0.0,88.804,4067.109,93.491,37.271,37.053,9.754,0.0,0.0
615,0.0,9.0,0.0,4.0,5.0,0.0,123.788,4085.697,-24.869,37.739,36.981,9.731,0.0,0.0
616,1.0,9.0,0.0,0.0,1.0,0.0,1079.95,3698.325,-23.073,37.69,37.595,9.88,0.0,0.0
617,1.0,9.0,0.0,1.0,2.0,0.0,913.832,3756.078,108.628,38.253,32.226,9.55,0.0,0.0
618,1.0,9.0,0.0,2.0,2.0,0.0,884.917,3745.441,109.818,38.304,32.041,9.604,0.0,0.0
619,1.0,9.0,0.0,3.0,3.0,0.0,1126.957,3782.171,110.686,37.415,37.143,9.785,0.0,0.0
620,1.0,9.0,0.0,4.0,4.0,0.0,668.178,3885.89,74.453,37.38,37.148,9.781,0.0,0.0
621,1.0,9.0,0.0,5.0,6.0,0.0,680.206,4068.507,19.59,38.018,37.878,9.882,0.0,0.0
622,2.0,9.0,0.0,0.0,3.0,0.0,1228.118,4069.522,76.214,37.888,37.686,9.84,0.0,0.0
623,3.0,9.0,0.0,0.0,0.0,0.0,1853.82,3705.3,45.006,37.11,36.828,9.703,0.0,0.0
624,3.0,9.0,0.0,1.0,2.0,0.0,1775.143,3732.474,15.34,37.307,36.874,9.736,0.0,0.0
625,3.0,9.0,0.0,2.0,4.0,0.0,2006.027,3778.239,116.368,36.855,36.807,9.745,0.0,0.0
626,3.0,9.0,0.0,3.0,5.0,0.0,1986.112,3817.191,65.976,37.029,36.733,9.758,0.0,0.0
627,3.0,9.0,0.0,4.0,6.0,0.0,1892.97,3831.813,19.297,37.196,36.8,9.79,0.0,0.0
628,3.0,9.0,0.0,5.0,7.0,0.0,2229.653,3970.616,91.931,37.521,37.473,9.842,0.0,0.0
629,3.0,9.0,0.0,6.0,8.0,0.0,1858.078,3995.259,111.521,37.398,37.325,9.806,0.0,0.0
630,3.0,9.0,0.0,7.0,9.0,0.0,1771.769,4083.423,127.254,37.723,37.482,9.792,0.0,0.0
631,3.0,9.0,0.0,8.0,10.0,0.0,2285.255,4090.546,-4.964,39.663,31.004,9.188,0.0,0.0
632,4.0,9.0,0.0,0.0,1.0,0.0,2758.45,3696.572,81.865,36.787,36.566,9.704,0.0,0.0
633,4.0,9.0,0.0,1.0,2.0,0.0,2337.958,3702.929,131.699,37.275,37.039,9.753,0.0,0.0
634,4.0,9.0,0.0,2.0,3.0,0.0,2380.048,3714.45,129.608,37.093,36.529,9.661,0.0,0.0
635,4.0,9.0,0.0,3.0,4.0,0.0,2548.551,3791.278,89.264,36.935,36.811,9.836,0.0,0.0
636,4.0,9.0,0.0,4.0,5.0,0.0,2668.388,3878.495,81.1,36.717,36.422,9.676,0.0,0.0
637,4.0,9.0,0.0,5.0,7.0,0.0,2759.109,4011.069,127.764,37.759,37.459,9.871,0.0,0.0
638,4.0,9.0,0.0,6.0,8.0,0.0,2637.969,4019.691,118.257,37.373,37.139,9.779,0.0,0.0
639,5.0,9.0,0.0,0.0,1.0,0.0,3212.746,3714.158,129.142,36.942,36.748,9.749,0.0,0.0
640,5.0,9.0,0.0,1.0,2.0,0.0,3014.894,3740.729,53.67,37.539,37.154,9.802,0.0,0.0
641,5.0,9.0,0.0,2.0,3.0,0.0,3349.154,3772.721,121.062,37.448,37.153,9.791,0.0,0.0
642,5.0,9.0,0.0,3.0,4.0,0.0,3184.985,3838.981,90.439,37.279,37.061,9.756,0.0,0.0
643,5.0,9.0,0.0,4.0,5.0,0.0,3090.633,3884.188,-24.15,37.181,37.149,9.755,0.0,0.0
644,5.0,9.0,0.0,5.0,6.0,0.0,3217.719,3897.801,60.303,37.491,37.286,9.814,0.0,0.0
645,5.0,9.0,0.0,6.0,7.0,0.0,3036.445,3939.102,61.081,37.737,37.045,9.738,0.0,0.0
646,5.0,9.0,0.0,7.0,8.0,0.0,3380.024,3960.979,109.636,37.703,37.466,9.865,0.0,0.0
647,5.0,9.0,0.0,8.0,9.0,0.0,3320.134,4004.694,116.076,37.956,37.701,9.851,0.0,0.0
648,5.0,9.0,0.0,9.0,12.0,0.0,3220.329,4035.86,8.553,38.074,37.99,9.904,0.0,0.0
650,6.0,9.0,0.0,1.0,1.0,0.0,3711.404,3704.027,98.989,37.7,37.42,9.781,0.0,0.0
651,6.0,9.0,0.0,2.0,2.0,0.0,3669.006,3756.988,77.973,38.11,32.564,9.418,0.0,0.0
652,6.0,9.0,0.0,3.0,2.0,0.0,3697.484,3744.626,72.163,37.595,32.127,9.546,0.0,0.0
653,6.0,9.0,0.0,4.0,3.0,0.0,3870.827,3775.551,90.538,37.508,37.257,9.812,0.0,0.0
654,6.0,9.0,0.0,5.0,5.0,0.0,3928.839,3823.895,82.153,37.095,36.949,9.717,0.0,0.0
655,6.0,9.0,0.0,6.0,6.0,0.0,3706.086,3874.182,64.338,36.511,35.923,9.66,0.0,0.0
656,6.0,9.0,0.0,7.0,7.0,0.0,3749.273,3923.03,78.321,37.377,37.122,9.777,0.0,0.0
657,6.0,9.0,0.0,8.0,8.0,0.0,3908.487,3953.194,69.076,37.702,37.667,9.814,0.0,0.0
658,6.0,9.0,0.0,9.0,9.0,0.0,3979.484,4004.451,80.837,37.959,37.699,9.851,0.0,0.0
659,6.0,9.0,0.0,10.0,10.0,0.0,3861.738,4014.383,112.593,37.61,37.243,9.823,0.0,0.0
660,6.0,9.0,0.0,11.0,11.0,0.0,3795.103,4073.306,116.298,37.837,37.8,9.849,0.0,0.0
661,7.0,9.0,0.0,0.0,4.0,0.0,4515.828,3843.259,49.9,37.387,37.129,9.779,0.0,0.0
662,7.0,9.0,0.0,1.0,5.0,0.0,4117.881,3943.132,64.349,37.242,37.114,9.758,0.0,0.0
663,7.0,9.0,0.0,2.0,6.0,0.0,4371.949,3959.43,94.387,37.521,37.299,9.819,0.0,0.0
664,7.0,9.0,0.0,3.0,7.0,0.0,4211.813,3974.478,53.536,37.494,37.194,9.802,0.0,0.0
665,7.0,9.0,0.0,4.0,8.0,0.0,4208.691,4029.177,84.764,37.571,37.459,9.847,0.0,0.0
666,7.0,9.0,0.0,5.0,9.0,0.0,4552.001,4055.265,115.707,37.859,37.622,9.828,0.0,0.0
667,7.0,9.0,0.0,6.0,10.0,0.0,4258.258,4059.84,32.97,36.991,36.821,9.765,0.0,0.0
668,8.0,9.0,0.0,0.0,1.0,0.0,4965.428,3707.399,105.882,37.356,36.988,9.757,0.0,0.0
669,8.0,9.0,0.0,1.0,2.0,0.0,5088.634,3764.594,59.102,37.133,36.804,9.781,0.0,0.0
670,8.0,9.0,0.0,2.0,3.0,0.0,4718.267,3782.446,60.098,37.709,37.446,9.786,0.0,0.0
671,8.0,9.0,0.0,3.0,4.0,0.0,4631.785,3794.685,66.755,36.632,36.549,9.681,0.0,0.0
672,8.0,9.0,0.0,4.0,5.0,0.0,4815.42,3987.321,46.461,37.892,37.57,9.826,0.0,0.0
673,8.0,9.0,0.0,5.0,6.0,0.0,4705.516,4010.021,78.947,38.225,38.026,9.852,0.0,0.0
674,8.0,9.0,0.0,6.0,7.0,0.0,4765.642,4040.994,23.189,37.389,37.239,9.794,0.0,0.0
676,8.0,9.0,0.0,8.0,9.0,0.0,4816.168,4067.946,44.078,38.214,38.052,9.854,0.0,0.0
677,9.0,9.0,0.0,0.0,1.0,0.0,5374.743,3753.776,88.558,36.891,36.502,9.709,0.0,0.0
678,9.0,9.0,0.0,1.0,2.0,0.0,5736.697,3773.204,17.747,37.255,37.154,9.765,0.0,0.0
679,9.0,9.0,0.0,2.0,4.0,0.0,5363.035,3847.784,104.492,36.966,36.693,9.744,0.0,0.0
680,9.0,9.0,0.0,3.0,6.0,0.0,5735.77,3938.021,134.879,37.636,37.395,9.847,0.0,0.0
682,9.0,9.0,0.0,5.0,8.0,0.0,5579.59,3942.538,-23.377,37.144,37.081,9.741,0.0,0.0
683,9.0,9.0,0.0,6.0,9.0,0.0,5672.769,3945.583,116.812,37.519,37.428,9.759,0.0,0.0
684,9.0,9.0,0.0,7.0,10.0,0.0,5472.092,3968.76,101.388,37.073,36.845,9.701,0.0,0.0
685,9.0,9.0,0.0,8.0,11.0,0.0,5397.833,3997.925,125.66,37.049,36.797,9.691,0.0,0.0
686,9.0,9.0,0.0,9.0,12.0,0.0,5755.113,4085.441,-1.656,38.761,38.304,9.882,0.0,0.0
687,0.0,10.0,0.0,0.0,2.0,0.0,128.369,4151.658,117.692,36.233,35.968,9.4,0.0,0.0
688,0.0,10.0,0.0,1.0,3.0,0.0,323.181,4157.651,67.783,36.795,36.5,9.696,0.0,0.0
689,0.0,10.0,0.0,2.0,4.0,0.0,342.596,4198.154,68.171,37.241,36.856,9.724,0.0,0.0
690,0.0,10.0,0.0,3.0,5.0,0.0,111.221,4200.554,64.038,36.736,36.506,9.689,0.0,0.0
691,0.0,10.0,0.0,4.0,6.0,0.0,20.761,4205.629,-19.395,37.063,36.92,9.709,0.0,0.0
692,0.0,10.0,0.0,5.0,7.0,0.0,467.001,4221.225,56.209,37.71,37.495,9.792,0.0,0.0
693,0.0,10.0,0.0,6.0,8.0,0.0,548.894,4282.962,2.83,37.348,37.089,9.769,0.0,0.0
694,0.0,10.0,0.0,7.0,9.0,0.0,356.313,4302.275,120.211,36.846,36.773,9.739,0.0,0.0
695,0.0,10.0,0.0,8.0,10.0,0.0,191.011,4381.929,94.956,36.708,36.412,9.673,0.0,0.0
696,0.0,10.0,0.0,9.0,11.0,0.0,232.494,4440.587,80.603,37.424,36.953,9.761,0.0,0.0
697,0.0,10.0,0.0,10.0,12.0,0.0,286.875,4471.015,71.812,37.34,37.003,9.756,0.0,0.0
698,1.0,10.0,0.0,0.0,1.0,0.0,888.132,4143.41,81.772,37.536,37.355,9.828,0.0,0.0
699,1.0,10.0,0.0,1.0,2.0,0.0,1024.582,4153.725,57.487,37.56,37.395,9.837,0.0,0.0
700,1.0,10.0,0.0,2.0,3.0,0.0,1074.902,4214.241,85.889,37.262,36.908,9.734,0.0,0.0
701,1.0,10.0,0.0,3.0,5.0,0.0,950.958,4285.177,104.609,37.889,37.532,9.82,0.0,0.0
702,1.0,10.0,0.0,4.0,6.0,0.0,817.187,4299.279,102.695,37.252,36.892,9.653,0.0,0.0
704,1.0,10.0,0.0,6.0,8.0,0.0,962.421,4381.289,93.199,38.082,37.866,9.889,0.0,0.0
705,1.0,10.0,0.0,7.0,9.0,0.0,795.943,4475.76,98.167,37.285,36.917,9.738,0.0,0.0
706,1.0,10.0,0.0,8.0,10.0,0.0,1016.169,4497.734,-15.27,41.745,33.413,9.339,0.0,0.0
707,2.0,10.0,0.0,0.0,1.0,0.0,1357.385,4126.91,78.519,37.121,36.959,9.722,0.0,0.0
708,2.0,10.0,0.0,1.0,2.0,0.0,1482.095,4173.809,59.057,36.994,36.669,9.667,0.0,0.0
709,2.0,10.0,0.0,2.0,3.0,0.0,1195.874,4318.924,62.859,37.591,37.291,9.827,0.0,0.0
710,2.0,10.0,0.0,3.0,5.0,0.0,1467.157,4360.326,90.274,37.409,37.075,9.775,0.0,0.0
711,2.0,10.0,0.0,4.0,6.0,0.0,1732.793,4375.278,102.908,38.627,37.991,9.899,0.0,0.0
712,2.0,10.0,0.0,5.0,7.0,0.0,1415.731,4426.451,119.366,37.239,37.083,9.754,0.0,0.0
713,2.0,10.0,0.0,6.0,8.0,0.0,1722.227,4428.774,109.072,38.175,37.507,9.854,0.0,0.0
715,3.0,10.0,0.0,0.0,2.0,0.0,2059.706,4224.328,51.075,37.514,37.174,9.802,0.0,0.0
716,3.0,10.0,0.0,1.0,3.0,0.0,2123.061,4288.571,55.27,37.541,37.0,9.782,0.0,0.0
717,3.0,10.0,0.0,2.0,4.0,0.0,1931.655,4310.028,89.492,37.014,36.857,9.772,0.0,0.0
718,3.0,10.0,0.0,3.0,5.0,0.0,2189.834,4315.179,58.754,37.385,37.34,9.807,0.0,0.0
719,3.0,10.0,0.0,4.0,6.0,0.0,1754.351,4322.701,74.204,37.469,37.236,9.804,0.0,0.0
720,3.0,10.0,0.0,5.0,8.0,0.0,2191.765,4389.502,97.656,37.845,37.698,9.836,0.0,0.0
721,3.0,10.0,0.0,6.0,11.0,0.0,1874.113,4463.368,73.22,37.092,36.897,9.788,0.0,0.0
722,4.0,10.0,0.0,0.0,1.0,0.0,2356.245,4139.018,80.778,37.636,37.082,9.805,0.0,0.0
723,4.0,10.0,0.0,1.0,2.0,0.0,2404.42,4260.924,59.492,37.48,37.027,9.778,0.0,0.0
724,4.0,10.0,0.0,2.0,3.0,0.0,2611.026,4300.507,73.315,36.394,36.131,9.672,0.0,0.0
725,4.0,10.0,0.0,3.0,4.0,0.0,2725.685,4466.744,102.415,37.269,36.979,9.744,0.0,0.0
726,5.0,10.0,0.0,0.0,0.0,0.0,2976.021,4155.193,81.43,36.825,36.459,9.695,0.0,0.0
727,5.0,10.0,0.0,1.0,1.0,0.0,3021.444,4273.664,81.143,36.924,35.56,9.511,0.0,0.0
728,5.0,10.0,0.0,2.0,1.0,0.0,3055.587,4263.738,73.339,36.96,35.912,9.561,0.0,0.0
729,5.0,10.0,0.0,3.0,2.0,0.0,3044.673,4377.294,79.545,37.048,36.361,9.711,0.0,0.0
730,5.0,10.0,0.0,4.0,3.0,0.0,3427.981,4448.474,126.241,37.974,37.547,9.833,0.0,0.0
731,5.0,10.0,0.0,5.0,4.0,0.0,3229.233,4457.606,116.392,37.711,37.397,9.78,0.0,0.0
732,5.0,10.0,0.0,6.0,5.0,0.0,3181.03,4474.727,32.465,37.766,37.543,9.806,0.0,0.0
733,6.0,10.0,0.0,0.0,1.0,0.0,4021.635,4110.771,91.126,37.242,37.07,9.752,0.0,0.0
734,6.0,10.0,0.0,1.0,2.0,0.0,3802.933,4137.235,63.129,37.307,37.018,9.754,0.0,0.0
735,6.0,10.0,0.0,2.0,3.0,0.0,3582.968,4186.765,101.579,37.039,36.729,9.681,0.0,0.0
736,6.0,10.0,0.0,3.0,4.0,0.0,3993.609,4245.955,99.295,37.369,37.116,9.775,0.0,0.0
737,6.0,10.0,0.0,4.0,5.0,0.0,3931.765,4372.765,103.902,37.299,37.228,9.781,0.0,0.0
738,7.0,10.0,0.0,0.0,1.0,0.0,4488.941,4274.064,90.269,38.028,37.711,9.862,0.0,0.0
739,7.0,10.0,0.0,1.0,2.0,0.0,4314.913,4341.311,105.567,37.213,36.984,9.738,0.0,0.0
740,7.0,10.0,0.0,2.0,3.0,0.0,4595.293,4408.099,74.126,38.02,37.864,9.881,0.0,0.0
741,7.0,10.0,0.0,3.0,5.0,0.0,4192.835,4464.68,39.673,37.441,37.132,9.787,0.0,0.0
742,8.0,10.0,0.0,0.0,1.0,0.0,5016.221,4121.633,78.072,37.171,36.923,9.802,0.0,0.0
743,8.0,10.0,0.0,1.0,2.0,0.0,4722.269,4134.252,-24.484,37.601,37.037,9.718,0.0,0.0
744,8.0,10.0,0.0,2.0,3.0,0.0,5116.186,4246.284,116.653,36.641,36.524,9.679,0.0,0.0
745,8.0,10.0,0.0,3.0,4.0,0.0,5015.482,4354.163,81.309,37.276,37.018,9.75,0.0,0.0
746,8.0,10.0,0.0,4.0,5.0,0.0,5060.816,4375.595,86.659,37.707,37.413,9.781,0.0,0.0
747,8.0,10.0,0.0,5.0,7.0,0.0,4811.855,4418.923,106.803,37.393,37.033,9.768,0.0,0.0
748,8.0,10.0,0.0,6.0,8.0,0.0,5188.312,4456.815,117.83,37.96,37.871,9.874,0.0,0.0
749,9.0,10.0,0.0,0.0,2.0,0.0,5587.559,4156.813,-11.063,36.197,36.134,9.647,0.0,0.0
750,9.0,10.0,0.0,1.0,3.0,0.0,5536.213,4185.807,102.818,37.644,37.428,9.775,0.0,0.0
751,9.0,10.0,0.0,2.0,5.0,0.0,5350.111,4323.814,73.165,37.873,37.532,9.818,0.0,0.0
752,9.0,10.0,0.0,3.0,6.0,0.0,5768.856,4331.853,91.852,39.074,33.455,9.42,0.0,0.0
753,9.0,10.0,0.0,4.0,7.0,0.0,5485.607,4396.573,107.506,37.567,37.347,9.831,0.0,0.0
754,9.0,10.0,0.0,5.0,8.0,0.0,5274.103,4399.973,81.105,37.977,37.701,9.854,0.0,0.0
755,9.0,10.0,0.0,6.0,9.0,0.0,5692.825,4406.815,108.905,37.788,37.759,9.837,0.0,0.0
756,9.0,10.0,0.0,7.0,11.0,0.0,5454.01,4437.234,62.35,37.121,36.771,9.698,0.0,0.0
757,9.0,10.0,0.0,8.0,13.0,0.0,5471.174,4477.328,74.235,38.222,37.9,9.911,0.0,0.0
758,0.0,11.0,0.0,0.0,0.0,0.0,417.212,4539.064,17.698,37.077,36.829,9.777,0.0,0.0
759,0.0,11.0,0.0,1.0,2.0,0.0,470.417,4822.278,108.894,37.751,37.493,9.797,0.0,0.0
760,0.0,11.0,0.0,2.0,3.0,0.0,568.598,4846.355,-14.116,37.984,37.637,9.847,0.0,0.0
761,0.0,11.0,0.0,3.0,4.0,0.0,456.828,4895.139,97.759,37.826,37.242,9.774,0.0,0.0
762,0.0,11.0,0.0,4.0,5.0,0.0,104.35,4896.216,-9.688,37.621,37.346,9.839,0.0,0.0
763,1.0,11.0,0.0,0.0,2.0,0.0,1124.71,4538.648,53.907,37.348,37.205,9.784,0.0,0.0
764,1.0,11.0,0.0,1.0,4.0,0.0,852.437,4562.027,91.775,37.091,36.944,9.794,0.0,0.0
767,1.0,11.0,0.0,4.0,8.0,0.0,1055.706,4651.381,105.278,37.664,37.243,9.83,0.0,0.0
768,1.0,11.0,0.0,5.0,9.0,0.0,728.389,4695.488,89.215,37.285,36.901,9.736,0.0,0.0
769,1.0,11.0,0.0,6.0,10.0,0.0,695.925,4726.483,5.8,37.484,35.944,9.72,0.0,0.0
770,1.0,11.0,0.0,7.0,11.0,0.0,971.04,4750.138,87.319,37.697,37.267,9.837,0.0,0.0
771,1.0,11.0,0.0,8.0,12.0,0.0,1130.899,4768.688,91.166,37.952,37.738,9.855,0.0,0.0
772,1.0,11.0,0.0,9.0,13.0,0.0,1087.58,4801.149,88.026,38.076,37.851,9.886,0.0,0.0
773,1.0,11.0,0.0,10.0,14.0,0.0,642.409,4818.976,11.282,37.767,37.676,9.901,0.0,0.0
774,1.0,11.0,0.0,11.0,15.0,0.0,1141.773,4830.184,115.939,37.469,37.378,9.746,0.0,0.0
775,1.0,11.0,0.0,12.0,18.0,0.0,845.796,4878.565,72.523,37.464,37.202,9.799,0.0,0.0
776,2.0,11.0,0.0,0.0,0.0,0.0,1637.239,4584.385,126.884,37.385,37.134,9.78,0.0,0.0
777,2.0,11.0,0.0,1.0,1.0,0.0,1333.451,4609.962,61.537,36.534,36.445,9.654,0.0,0.0
778,2.0,11.0,0.0,2.0,2.0,0.0,1171.822,4636.784,46.292,37.178,36.891,9.721,0.0,0.0
779,2.0,11.0,0.0,3.0,3.0,0.0,1535.209,4654.102,131.944,37.263,36.856,9.727,0.0,0.0
780,2.0,11.0,0.0,4.0,6.0,0.0,1689.868,4844.396,-39.884,38.434,38.231,9.905,0.0,0.0
781,2.0,11.0,0.0,5.0,7.0,0.0,1650.011,4862.504,111.901,37.598,37.128,9.807,0.0,0.0
782,2.0,11.0,0.0,6.0,8.0,0.0,1442.266,4897.727,-22.38,37.854,37.566,9.82,0.0,0.0
783,3.0,11.0,0.0,0.0,0.0,0.0,1843.484,4516.679,98.065,36.986,36.861,9.769,0.0,0.0
784,3.0,11.0,0.0,1.0,1.0,0.0,2154.625,4540.019,28.615,36.992,36.758,9.757,0.0,0.0
785,3.0,11.0,0.0,2.0,2.0,0.0,1975.353,4637.399,76.577,36.829,36.614,9.716,0.0,0.0
786,3.0,11.0,0.0,3.0,4.0,0.0,2310.746,4843.029,92.228,38.939,36.745,9.773,0.0,0.0
787,3.0,11.0,0.0,4.0,5.0,0.0,1834.543,4849.82,-22.423,37.504,37.104,9.792,0.0,0.0
788,3.0,11.0,0.0,5.0,6.0,0.0,2016.078,4859.685,-19.407,37.969,37.43,9.818,0.0,0.0
789,3.0,11.0,0.0,6.0,7.0,0.0,1778.221,4865.235,-10.716,38.07,37.831,9.807,0.0,0.0
790,3.0,11.0,0.0,7.0,8.0,0.0,2198.666,4884.212,-33.119,38.244,38.116,9.866,0.0,0.0
791,3.0,11.0,0.0,8.0,9.0,0.0,2302.332,4886.608,49.018,38.208,37.998,9.846,0.0,0.0
792,4.0,11.0,0.0,0.0,0.0,0.0,2609.621,4522.141,30.208,37.036,36.766,9.686,0.0,0.0
793,4.0,11.0,0.0,1.0,1.0,0.0,2667.987,4549.552,79.284,36.97,36.797,9.758,0.0,0.0
794,4.0,11.0,0.0,2.0,2.0,0.0,2891.161,4654.025,92.733,34.937,28.542,8.73,0.0,0.0
795,4.0,11.0,0.0,3.0,3.0,0.0,2659.247,4743.479,96.778,37.177,37.021,9.816,0.0,0.0
796,4.0,11.0,0.0,4.0,5.0,0.0,2775.644,4849.738,134.504,37.484,37.295,9.814,0.0,0.0
797,5.0,11.0,0.0,0.0,1.0,0.0,3350.285,4518.068,86.602,37.197,36.958,9.732,0.0,0.0
799,6.0,11.0,0.0,0.0,0.0,0.0,4003.641,4559.973,-40.168,37.6,37.206,9.818,0.0,0.0
800,6.0,11.0,0.0,1.0,1.0,0.0,3905.674,4561.849,70.857,37.723,37.229,9.836,0.0,0.0
801,6.0,11.0,0.0,2.0,2.0,0.0,3575.87,4575.926,77.812,38.165,28.17,9.42,0.0,0.0
802,6.0,11.0,0.0,3.0,2.0,0.0,3599.868,4565.994,71.303,37.593,27.546,9.359,0.0,0.0
803,6.0,11.0,0.0,4.0,3.0,0.0,3966.944,4582.773,-17.779,37.613,37.477,9.777,0.0,0.0
804,6.0,11.0,0.0,5.0,4.0,0.0,3563.393,4613.861,109.792,36.587,36.31,9.567,0.0,0.0
805,6.0,11.0,0.0,6.0,5.0,0.0,3952.342,4843.801,82.683,37.912,37.694,9.844,0.0,0.0
806,6.0,11.0,0.0,7.0,7.0,0.0,3588.247,4897.1,-3.07,37.555,37.471,9.846,0.0,0.0
807,7.0,11.0,0.0,0.0,1.0,0.0,4421.759,4544.772,45.929,37.057,36.728,9.684,0.0,0.0
808,7.0,11.0,0.0,1.0,2.0,0.0,4174.898,4633.723,81.469,36.477,35.945,9.579,0.0,0.0
809,7.0,11.0,0.0,2.0,3.0,0.0,4555.38,4673.375,112.404,38.073,37.752,9.873,0.0,0.0
810,7.0,11.0,0.0,3.0,5.0,0.0,4154.921,4771.148,63.851,36.972,36.716,9.748,0.0,0.0
811,7.0,11.0,0.0,4.0,6.0,0.0,4316.244,4853.997,98.196,37.489,37.13,9.793,0.0,0.0
812,8.0,11.0,0.0,0.0,0.0,0.0,5151.734,4534.182,78.692,37.81,37.331,9.783,0.0,0.0
813,8.0,11.0,0.0,1.0,1.0,0.0,4897.855,4555.823,43.389,37.655,37.485,9.784,0.0,0.0
814,8.0,11.0,0.0,2.0,3.0,0.0,5196.44,4561.301,90.069,41.942,25.984,8.869,0.0,0.0
815,8.0,11.0,0.0,3.0,4.0,0.0,4656.347,4622.284,117.008,37.739,36.389,9.65,0.0,0.0
816,8.0,11.0,0.0,4.0,6.0,0.0,4855.782,4778.875,91.951,37.222,36.937,9.732,0.0,0.0
817,8.0,11.0,0.0,5.0,7.0,0.0,5001.466,4782.73,86.165,37.488,37.02,9.778,0.0,0.0
818,8.0,11.0,0.0,6.0,8.0,0.0,5053.687,4818.739,35.098,38.043,37.758,9.87,0.0,0.0
819,8.0,11.0,0.0,7.0,9.0,0.0,4661.96,4837.762,24.069,37.788,37.537,9.808,0.0,0.0
820,8.0,11.0,0.0,8.0,10.0,0.0,4933.88,4856.839,33.383,37.575,37.337,9.754,0.0,0.0
821,8.0,11.0,0.0,9.0,11.0,0.0,4813.168,4874.808,-2.149,37.429,37.362,9.816,0.0,0.0
822,8.0,11.0,0.0,10.0,12.0,0.0,5089.028,4880.003,28.658,38.201,37.978,9.919,0.0,0.0
823,9.0,11.0,0.0,0.0,1.0,0.0,5314.662,4540.217,84.027,36.832,36.669,9.723,0.0,0.0
824,9.0,11.0,0.0,1.0,2.0,0.0,5244.708,4543.271,26.542,37.206,36.515,9.754,0.0,0.0
825,9.0,11.0,0.0,2.0,4.0,0.0,5571.871,4594.999,89.242,37.048,36.604,9.743,0.0,0.0
826,9.0,11.0,0.0,3.0,6.0,0.0,5261.968,4642.142,56.048,36.572,36.416,9.656,0.0,0.0
827,9.0,11.0,0.0,4.0,7.0,0.0,5217.962,4648.05,60.984,37.335,37.152,9.623,0.0,0.0
828,9.0,11.0,0.0,5.0,8.0,0.0,5363.819,4658.009,35.929,37.334,37.23,9.786,0.0,0.0
829,9.0,11.0,0.0,6.0,9.0,0.0,5705.197,4715.297,83.67,37.522,37.1,9.793,0.0,0.0
830,9.0,11.0,0.0,7.0,10.0,0.0,5569.208,4744.856,108.7,37.471,37.259,9.807,0.0,0.0
832,9.0,11.0,0.0,9.0,12.0,0.0,5558.577,4791.766,77.544,37.867,37.41,9.878,0.0,0.0
833,9.0,11.0,0.0,10.0,13.0,0.0,5448.747,4798.72,-37.292,37.109,36.965,9.799,0.0,0.0
834,9.0,11.0,0.0,11.0,14.0,0.0,5276.423,4807.228,72.801,37.401,37.027,9.768,0.0,0.0
835,9.0,11.0,0.0,12.0,15.0,0.0,5353.254,4807.731,94.106,37.083,36.801,9.774,0.0,0.0
836,9.0,11.0,0.0,13.0,16.0,0.0,5605.531,4809.793,92.368,37.682,37.539,9.794,0.0,0.0
837,9.0,11.0,0.0,14.0,17.0,0.0,5507.573,4810.391,-33.915,37.494,37.278,9.813,0.0,0.0
838,9.0,11.0,0.0,15.0,18.0,0.0,5256.627,4894.114,58.133,37.869,37.686,9.916,0.0,0.0
839,0.0,12.0,0.0,0.0,3.0,0.0,341.744,4927.528,47.153,36.911,36.791,9.672,0.0,0.0
840,0.0,12.0,0.0,1.0,4.0,0.0,268.963,4975.621,23.599,36.437,36.115,9.677,0.0,0.0
841,0.0,12.0,0.0,2.0,5.0,0.0,422.26,4993.896,72.419,37.063,36.728,9.684,0.0,0.0
842,0.0,12.0,0.0,3.0,6.0,0.0,428.749,5090.487,100.343,37.359,37.057,9.766,0.0,0.0
843,0.0,12.0,0.0,4.0,7.0,0.0,220.349,5147.493,94.006,36.679,36.531,9.685,0.0,0.0
844,0.0,12.0,0.0,5.0,8.0,0.0,348.225,5149.591,42.465,37.393,37.19,9.788,0.0,0.0
845,0.0,12.0,0.0,6.0,9.0,0.0,152.873,5167.225,36.521,37.119,36.941,9.719,0.0,0.0
846,0.0,12.0,0.0,7.0,10.0,0.0,587.684,5169.414,92.75,40.858,27.898,8.976,0.0,0.0
847,0.0,12.0,0.0,8.0,11.0,0.0,390.016,5189.434,130.068,37.798,37.535,9.886,0.0,0.0
849,0.0,12.0,0.0,10.0,13.0,0.0,226.314,5278.99,94.847,37.494,37.127,9.793,0.0,0.0
850,1.0,12.0,0.0,0.0,0.0,0.0,845.036,4938.279,59.999,37.544,37.169,9.805,0.0,0.0
851,1.0,12.0,0.0,1.0,1.0,0.0,1003.723,4950.593,56.991,37.786,37.466,9.876,0.0,0.0
852,1.0,12.0,0.0,2.0,2.0,0.0,898.172,4977.141,69.663,37.165,36.952,9.727,0.0,0.0
853,1.0,12.0,0.0,3.0,4.0,0.0,1062.828,5042.549,50.046,37.987,37.433,9.668,0.0,0.0
854,1.0,12.0,0.0,4.0,5.0,0.0,1104.351,5044.825,72.807,38.296,37.566,9.651,0.0,0.0
855,1.0,12.0,0.0,5.0,6.0,0.0,1157.027,5093.85,10.026,37.977,37.754,9.861,0.0,0.0
856,1.0,12.0,0.0,6.0,7.0,0.0,1091.345,5140.939,120.217,38.277,37.997,9.931,0.0,0.0
858,1.0,12.0,0.0,8.0,10.0,0.0,705.441,5180.783,45.99,37.278,36.901,9.813,0.0,0.0
859,1.0,12.0,0.0,9.0,11.0,0.0,632.529,5215.387,87.05,37.825,37.572,9.817,0.0,0.0
860,1.0,12.0,0.0,10.0,12.0,0.0,787.604,5263.413,61.351,37.216,36.821,9.716,0.0,0.0
861,1.0,12.0,0.0,11.0,13.0,0.0,1039.118,5287.72,111.316,38.274,37.913,9.92,0.0,0.0
862,1.0,12.0,0.0,12.0,14.0,0.0,975.857,5315.333,-4.325,40.03,29.121,9.034,0.0,0.0
863,2.0,12.0,0.0,0.0,1.0,0.0,1739.373,4993.336,89.935,40.239,28.397,8.981,0.0,0.0
864,2.0,12.0,0.0,1.0,4.0,0.0,1191.369,5147.87,52.729,37.417,37.177,9.79,0.0,0.0
865,2.0,12.0,0.0,2.0,5.0,0.0,1598.778,5204.208,94.797,37.569,37.338,9.754,0.0,0.0
866,3.0,12.0,0.0,0.0,5.0,0.0,2312.138,5174.937,94.338,38.998,34.528,9.558,0.0,0.0
868,4.0,12.0,0.0,0.0,1.0,0.0,2718.331,4944.035,92.92,36.977,36.819,9.685,0.0,0.0
869,4.0,12.0,0.0,1.0,2.0,0.0,2821.553,4969.986,53.678,37.064,36.629,9.671,0.0,0.0
870,4.0,12.0,0.0,2.0,3.0,0.0,2336.568,5036.095,68.773,36.831,36.156,9.656,0.0,0.0
871,4.0,12.0,0.0,3.0,4.0,0.0,2554.363,5053.064,57.593,36.458,36.187,9.689,0.0,0.0
872,4.0,12.0,0.0,4.0,5.0,0.0,2450.543,5110.742,4.546,37.09,36.901,9.789,0.0,0.0
873,4.0,12.0,0.0,5.0,6.0,0.0,2594.027,5113.352,84.734,36.876,36.372,9.69,0.0,0.0
874,4.0,12.0,0.0,6.0,7.0,0.0,2884.642,5128.619,95.562,38.214,38.089,9.859,0.0,0.0
875,4.0,12.0,0.0,7.0,9.0,0.0,2358.543,5184.615,90.869,36.858,36.749,9.738,0.0,0.0
876,4.0,12.0,0.0,8.0,10.0,0.0,2554.857,5239.757,87.301,37.498,36.966,9.772,0.0,0.0
877,5.0,12.0,0.0,0.0,1.0,0.0,3210.848,5043.046,71.857,36.391,36.14,9.595,0.0,0.0
878,5.0,12.0,0.0,1.0,2.0,0.0,3350.665,5052.615,10.907,36.974,36.867,9.769,0.0,0.0
879,5.0,12.0,0.0,2.0,3.0,0.0,2982.676,5079.479,98.142,36.611,36.518,9.674,0.0,0.0
880,5.0,12.0,0.0,3.0,4.0,0.0,3202.552,5090.633,100.518,37.215,36.746,9.783,0.0,0.0
881,5.0,12.0,0.0,4.0,6.0,0.0,3279.153,5231.169,64.361,37.563,37.329,9.828,0.0,0.0
882,5.0,12.0,0.0,5.0,7.0,0.0,3179.173,5237.06,130.12,37.939,37.708,9.85,0.0,0.0
883,5.0,12.0,0.0,6.0,8.0,0.0,3406.881,5250.243,57.707,37.593,37.441,9.77,0.0,0.0
884,5.0,12.0,0.0,7.0,9.0,0.0,3100.791,5270.053,122.936,37.466,37.181,9.796,0.0,0.0
886,6.0,12.0,0.0,1.0,3.0,0.0,3705.901,5088.621,70.432,37.151,36.784,9.703,0.0,0.0
887,6.0,12.0,0.0,2.0,4.0,0.0,3720.407,5170.329,83.304,37.636,37.221,9.824,0.0,0.0
888,6.0,12.0,0.0,3.0,5.0,0.0,3756.055,5311.447,-2.963,37.714,35.51,9.609,0.0,0.0
889,7.0,12.0,0.0,0.0,0.0,0.0,4389.522,4940.134,81.323,37.359,36.78,9.729,0.0,0.0
890,7.0,12.0,0.0,1.0,1.0,0.0,4390.515,5205.105,69.772,37.762,37.202,9.837,0.0,0.0
891,7.0,12.0,0.0,2.0,2.0,0.0,4107.222,5294.724,71.93,37.475,37.145,9.793,0.0,0.0
892,8.0,12.0,0.0,0.0,0.0,0.0,4965.879,5031.954,84.39,37.849,37.093,9.834,0.0,0.0
893,8.0,12.0,0.0,1.0,1.0,0.0,5041.432,5066.271,-9.745,37.115,36.961,9.8,0.0,0.0
894,8.0,12.0,0.0,2.0,2.0,0.0,5137.457,5114.167,-32.392,37.34,37.069,9.765,0.0,0.0
895,8.0,12.0,0.0,3.0,3.0,0.0,4716.501,5282.416,43.783,38.175,37.81,9.894,0.0,0.0
897,9.0,12.0,0.0,0.0,1.0,0.0,5594.253,4927.352,1.253,37.225,37.047,9.747,0.0,0.0
898,9.0,12.0,0.0,1.0,3.0,0.0,5710.199,5028.245,43.858,37.521,37.271,9.815,0.0,0.0
899,9.0,12.0,0.0,2.0,4.0,0.0,5299.475,5107.876,42.06,36.815,36.357,9.68,0.0,0.0
900,9.0,12.0,0.0,3.0,5.0,0.0,5475.97,5115.481,46.872,37.027,36.887,9.778,0.0,0.0
901,9.0,12.0,0.0,4.0,6.0,0.0,5262.856,5217.731,80.642,37.491,37.109,9.79,0.0,0.0
902,9.0,12.0,0.0,5.0,7.0,0.0,5565.012,5222.535,87.171,37.973,37.546,9.833,0.0,0.0
903,9.0,12.0,0.0,6.0,8.0,0.0,5329.98,5222.963,80.382,37.545,37.294,9.821,0.0,0.0
904,9.0,12.0,0.0,7.0,9.0,0.0,5571.669,5285.366,104.459,37.67,37.571,9.874,0.0,0.0
905,2.0,7.0,0.0,0.0,0.0,0.0,1208.966,2953.113,69.653,39.934,38.598,33.398,4.0,0.0
906,4.0,5.0,0.0,0.0,0.0,0.0,2477.219,2152.797,21.914,40.607,38.195,33.408,4.0,0.0
907,8.0,3.0,0.0,0.0,0.0,0.0,4730.831,1394.229,48.22,39.237,38.745,33.173,4.0,0.0
908,0.0,1.0,0.0,0.0,0.0,0.0,378.406,583.369,-2.294,39.182,38.252,32.869,4.0,
909,0.0,2.0,0.0,0.0,0.0,0.0,473.357,1183.586,68.526,39.424,38.522,33.136,4.0,
910,0.0,6.0,0.0,0.0,0.0,0.0,334.991,2657.753,121.86,39.221,38.0,32.812,4.0,
911,0.0,6.0,0.0,0.0,0.0,0.0,169.872,2520.424,113.207,39.429,38.833,33.28,4.0,
912,0.0,6.0,0.0,0.0,0.0,0.0,150.545,2549.231,81.861,39.297,38.685,33.222,4.0,
913,0.0,6.0,0.0,0.0,0.0,0.0,127.541,2558.002,90.298,38.856,37.896,32.685,4.0,
914,0.0,8.0,0.0,0.0,0.0,0.0,371.17,3691.09,91.9,40.591,39.591,33.937,4.0,
915,0.0,12.0,0.0,0.0,0.0,0.0,180.552,4914.445,33.209,38.948,38.135,32.704,4.0,
916,0.0,12.0,0.0,0.0,0.0,0.0,153.259,4912.361,-23.532,38.429,38.331,32.646,4.0,
917,1.0,3.0,0.0,0.0,0.0,0.0,683.734,1487.615,25.692,39.546,39.186,33.481,4.0,
918,1.0,5.0,0.0,0.0,0.0,0.0,969.972,2257.391,10.017,39.09,37.608,32.689,4.0,
919,1.0,5.0,0.0,0.0,0.0,0.0,972.414,2238.29,-2.517,38.8,38.737,32.979,4.0,
920,1.0,6.0,0.0,0.0,0.0,0.0,976.477,2684.916,129.296,38.972,38.431,32.909,4.0,
921,1.0,6.0,0.0,0.0,0.0,0.0,944.615,2687.831,-12.362,40.176,38.607,30.94,4.0,
922,1.0,9.0,0.0,0.0,0.0,0.0,1112.292,4002.136,-17.034,39.695,38.07,33.053,4.0,
923,1.0,9.0,0.0,0.0,0.0,0.0,1126.746,4017.712,-30.912,38.501,38.116,32.61,4.0,
924,1.0,10.0,0.0,0.0,0.0,0.0,636.319,4263.706,34.028,39.445,38.654,33.264,4.0,
925,1.0,11.0,0.0,0.0,0.0,0.0,1014.685,4509.194,8.58,39.569,36.495,32.38,4.0,
926,1.0,11.0,0.0,0.0,0.0,0.0,800.114,4864.131,53.785,38.699,36.536,32.133,4.0,
927,1.0,11.0,0.0,0.0,0.0,0.0,790.92,4875.149,132.425,39.916,38.931,33.456,4.0,
928,1.0,12.0,0.0,0.0,0.0,0.0,631.031,4983.447,58.119,40.772,38.131,33.617,4.0,
929,2.0,8.0,0.0,0.0,0.0,0.0,1524.81,3310.761,73.073,40.646,38.487,33.611,4.0,
930,2.0,8.0,0.0,0.0,0.0,0.0,1520.62,3283.462,56.139,38.634,37.989,32.578,4.0,
931,2.0,8.0,0.0,0.0,0.0,0.0,1491.468,3566.793,6.563,39.019,38.492,33.013,4.0,
932,2.0,8.0,0.0,0.0,0.0,0.0,1245.528,3603.9,82.116,38.795,38.063,32.622,4.0,
933,2.0,8.0,0.0,0.0,0.0,0.0,1247.292,3631.731,106.633,39.319,38.362,32.917,4.0,
934,2.0,8.0,0.0,0.0,0.0,0.0,1174.323,3680.531,67.451,40.001,38.27,33.09,4.0,
935,2.0,9.0,0.0,0.0,0.0,0.0,1196.782,3702.621,68.924,40.585,38.702,33.654,4.0,
936,2.0,11.0,0.0,0.0,0.0,0.0,1431.612,4696.875,89.353,38.2,37.442,32.089,4.0,
937,2.0,11.0,0.0,0.0,0.0,0.0,1439.046,4721.541,-17.398,38.664,37.262,32.374,4.0,
938,3.0,1.0,0.0,0.0,0.0,0.0,2206.681,437.206,-44.995,39.174,38.367,32.941,4.0,
939,3.0,2.0,0.0,0.0,0.0,0.0,1761.622,1059.388,15.55,39.098,38.429,30.52,4.0,
940,3.0,3.0,0.0,0.0,0.0,0.0,1831.17,1429.416,27.91,39.747,38.022,33.163,4.0,
941,3.0,3.0,0.0,0.0,0.0,0.0,1795.382,1424.67,125.819,38.763,38.468,30.399,4.0,
942,3.0,12.0,0.0,0.0,0.0,0.0,2236.109,4944.169,58.765,39.659,38.054,32.993,4.0,
943,3.0,12.0,0.0,0.0,0.0,0.0,2269.319,5298.963,76.262,38.457,37.515,32.269,4.0,
944,4.0,1.0,0.0,0.0,0.0,0.0,2480.594,434.161,45.218,38.591,37.892,32.513,4.0,
945,4.0,5.0,0.0,0.0,0.0,0.0,2620.455,2080.075,86.772,40.486,38.569,33.553,4.0,
946,4.0,7.0,0.0,0.0,0.0,0.0,2442.652,2902.066,45.223,41.859,40.619,35.144,4.0,
947,5.0,4.0,0.0,0.0,0.0,0.0,3261.819,1972.625,19.53,39.171,38.379,32.966,4.0,
948,5.0,5.0,0.0,0.0,0.0,0.0,3058.345,2434.623,78.727,38.778,37.446,32.477,4.0,
949,5.0,7.0,0.0,0.0,0.0,0.0,3157.658,3115.583,95.418,38.271,37.599,32.253,4.0,
950,6.0,5.0,0.0,0.0,0.0,0.0,3801.443,2312.683,56.483,38.882,38.095,32.745,4.0,
951,6.0,12.0,0.0,0.0,0.0,0.0,3976.483,4914.303,44.801,38.802,35.078,31.444,4.0,
952,7.0,3.0,0.0,0.0,0.0,0.0,4178.366,1247.415,123.958,38.755,38.294,32.765,4.0,
953,7.0,5.0,0.0,0.0,0.0,0.0,4334.6,2394.786,18.595,39.143,38.461,30.545,4.0,
954,7.0,8.0,0.0,0.0,0.0,0.0,4103.139,3344.892,66.375,39.115,37.249,32.471,4.0,
955,7.0,11.0,0.0,0.0,0.0,0.0,4226.121,4534.426,80.029,39.374,38.39,33.06,4.0,
956,8.0,11.0,0.0,0.0,0.0,0.0,4677.648,4560.0,31.7,39.325,38.435,30.573,4.0,
957,9.0,10.0,0.0,0.0,0.0,0.0,5366.759,4119.393,21.139,39.555,37.113,32.634,4.0,
958,9.0,11.0,0.0,0.0,0.0,0.0,5414.331,4632.71,59.804,38.816,37.771,32.509,4.0,
</ResultDatas>,,,,,,,,,,,,,,
<ElementResult>,,,,,,,,,,,,,,
0,0.0,,,,,,,,,,,,,
1,0.0,,,,,,,,,,,,,
2,0.0,,,,,,,,,,,,,
3,0.0,,,,,,,,,,,,,
4,0.0,,,,,,,,,,,,,
5,918.0,,,,,,,,,,,,,
</ElementResult>,,,,,,,,,,,,,,
